STATION,date,ENTRIES,EXITS
1 AV,2018-03-03,15833.0,19246.0
1 AV,2018-03-04,11946.0,13740.0
1 AV,2018-03-05,20623.0,22574.0
1 AV,2018-03-06,21454.0,23983.0
1 AV,2018-03-07,16537.0,19000.0
1 AV,2018-03-08,21573.0,23114.0
1 AV,2018-03-09,23388.0,26134.0
103 ST,2018-03-03,15838.0,11044.0
103 ST,2018-03-04,12676.0,9645.0
103 ST,2018-03-05,28506.0,18107.0
103 ST,2018-03-06,29643.0,18248.0
103 ST,2018-03-07,23009.0,15377.0
103 ST,2018-03-08,29629.0,18014.0
103 ST,2018-03-09,29917.0,18042.0
103 ST-CORONA,2018-03-03,10869.0,9075.0
103 ST-CORONA,2018-03-04,6999.0,6646.0
103 ST-CORONA,2018-03-05,19782.0,12469.0
103 ST-CORONA,2018-03-06,20256.0,12649.0
103 ST-CORONA,2018-03-07,16049.0,10696.0
103 ST-CORONA,2018-03-08,20208.0,12566.0
103 ST-CORONA,2018-03-09,20293.0,12311.0
104 ST,2018-03-03,625.0,334.0
104 ST,2018-03-04,483.0,246.0
104 ST,2018-03-05,2467.0,808.0
104 ST,2018-03-06,2623.0,777.0
104 ST,2018-03-07,1898.0,618.0
104 ST,2018-03-08,2407.0,761.0
104 ST,2018-03-09,2442.0,745.0
110 ST,2018-03-03,6879.0,5826.0
110 ST,2018-03-04,4932.0,4905.0
110 ST,2018-03-05,11253.0,8403.0
110 ST,2018-03-06,11432.0,8286.0
110 ST,2018-03-07,8640.0,7026.0
110 ST,2018-03-08,11417.0,8279.0
110 ST,2018-03-09,11744.0,8718.0
111 ST,2018-03-03,8131.0,3479.0
111 ST,2018-03-04,5790.0,2960.0
111 ST,2018-03-05,16988.0,9034.0
111 ST,2018-03-06,17441.0,9401.0
111 ST,2018-03-07,13388.0,7877.0
111 ST,2018-03-08,17022.0,8978.0
111 ST,2018-03-09,17280.0,8674.0
116 ST,2018-03-03,18296.0,8859.0
116 ST,2018-03-04,14921.0,7309.0
116 ST,2018-03-05,31470.0,14012.0
116 ST,2018-03-06,32597.0,14253.0
116 ST,2018-03-07,24135.0,11359.0
116 ST,2018-03-08,31992.0,14050.0
116 ST,2018-03-09,32580.0,14367.0
116 ST-COLUMBIA,2018-03-03,7414.0,3733.0
116 ST-COLUMBIA,2018-03-04,5325.0,3214.0
116 ST-COLUMBIA,2018-03-05,13215.0,7891.0
116 ST-COLUMBIA,2018-03-06,13880.0,7887.0
116 ST-COLUMBIA,2018-03-07,10107.0,5112.0
116 ST-COLUMBIA,2018-03-08,14228.0,7687.0
116 ST-COLUMBIA,2018-03-09,13642.0,6189.0
121 ST,2018-03-03,3.0,31.0
121 ST,2018-03-04,6.0,8.0
121 ST,2018-03-05,1275.0,1320.0
121 ST,2018-03-06,1269.0,1184.0
121 ST,2018-03-07,990.0,769.0
121 ST,2018-03-08,1196.0,819.0
121 ST,2018-03-09,1292.0,763.0
125 ST,2018-03-03,41357.0,40134.0
125 ST,2018-03-04,33656.0,32001.0
125 ST,2018-03-05,64302.0,55972.0
125 ST,2018-03-06,67054.0,58134.0
125 ST,2018-03-07,45423.0,41547.0
125 ST,2018-03-08,64610.0,54858.0
125 ST,2018-03-09,67576.0,59140.0
135 ST,2018-03-03,11354.0,4553.0
135 ST,2018-03-04,9113.0,3896.0
135 ST,2018-03-05,20014.0,8407.0
135 ST,2018-03-06,20797.0,8615.0
135 ST,2018-03-07,15550.0,6539.0
135 ST,2018-03-08,20516.0,8224.0
135 ST,2018-03-09,21168.0,8433.0
137 ST CITY COL,2018-03-03,7522.0,5291.0
137 ST CITY COL,2018-03-04,6063.0,4965.0
137 ST CITY COL,2018-03-05,13877.0,10809.0
137 ST CITY COL,2018-03-06,14094.0,10744.0
137 ST CITY COL,2018-03-07,10680.0,8568.0
137 ST CITY COL,2018-03-08,14022.0,10372.0
137 ST CITY COL,2018-03-09,13212.0,9515.0
138/GRAND CONC,2018-03-03,1380.0,1690.0
138/GRAND CONC,2018-03-04,884.0,1180.0
138/GRAND CONC,2018-03-05,3262.0,2644.0
138/GRAND CONC,2018-03-06,3425.0,2833.0
138/GRAND CONC,2018-03-07,2181.0,1766.0
138/GRAND CONC,2018-03-08,3165.0,2550.0
138/GRAND CONC,2018-03-09,3277.0,2713.0
14 ST,2018-03-03,24768.0,24165.0
14 ST,2018-03-04,19424.0,18408.0
14 ST,2018-03-05,48340.0,39775.0
14 ST,2018-03-06,51633.0,42740.0
14 ST,2018-03-07,35129.0,28699.0
14 ST,2018-03-08,50572.0,42215.0
14 ST,2018-03-09,50827.0,44087.0
14 ST-UNION SQ,2018-03-03,59160.0,64876.0
14 ST-UNION SQ,2018-03-04,47484.0,49397.0
14 ST-UNION SQ,2018-03-05,84488.0,80656.0
14 ST-UNION SQ,2018-03-06,88278.0,85210.0
14 ST-UNION SQ,2018-03-07,61614.0,57794.0
14 ST-UNION SQ,2018-03-08,84608.0,82802.0
14 ST-UNION SQ,2018-03-09,90712.0,87604.0
145 ST,2018-03-03,25030.0,18591.0
145 ST,2018-03-04,19675.0,15717.0
145 ST,2018-03-05,37691.0,29517.0
145 ST,2018-03-06,39253.0,30519.0
145 ST,2018-03-07,28790.0,22726.0
145 ST,2018-03-08,38384.0,29318.0
145 ST,2018-03-09,38277.0,27928.0
149/GRAND CONC,2018-03-03,6955.0,7269.0
149/GRAND CONC,2018-03-04,4732.0,5323.0
149/GRAND CONC,2018-03-05,15276.0,8814.0
149/GRAND CONC,2018-03-06,15627.0,9227.0
149/GRAND CONC,2018-03-07,10355.0,6361.0
149/GRAND CONC,2018-03-08,14331.0,9118.0
149/GRAND CONC,2018-03-09,13887.0,10011.0
14TH STREET,2018-03-03,4399.0,5586.0
14TH STREET,2018-03-04,3469.0,3770.0
14TH STREET,2018-03-05,8746.0,9555.0
14TH STREET,2018-03-06,8792.0,9932.0
14TH STREET,2018-03-07,4283.0,4760.0
14TH STREET,2018-03-08,7732.0,8642.0
14TH STREET,2018-03-09,8232.0,10592.0
15 ST-PROSPECT,2018-03-03,2924.0,1819.0
15 ST-PROSPECT,2018-03-04,2318.0,1641.0
15 ST-PROSPECT,2018-03-05,6306.0,3559.0
15 ST-PROSPECT,2018-03-06,6609.0,3816.0
15 ST-PROSPECT,2018-03-07,5180.0,3101.0
15 ST-PROSPECT,2018-03-08,6692.0,3625.0
15 ST-PROSPECT,2018-03-09,6579.0,3396.0
155 ST,2018-03-03,3494.0,2144.0
155 ST,2018-03-04,2594.0,1858.0
155 ST,2018-03-05,6078.0,3300.0
155 ST,2018-03-06,6505.0,3277.0
155 ST,2018-03-07,4929.0,2869.0
155 ST,2018-03-08,6306.0,3325.0
155 ST,2018-03-09,6573.0,3265.0
157 ST,2018-03-03,6836.0,3851.0
157 ST,2018-03-04,5952.0,3767.0
157 ST,2018-03-05,10292.0,5540.0
157 ST,2018-03-06,10691.0,5892.0
157 ST,2018-03-07,8047.0,4761.0
157 ST,2018-03-08,10542.0,5472.0
157 ST,2018-03-09,10610.0,5564.0
161/YANKEE STAD,2018-03-03,9791.0,5670.0
161/YANKEE STAD,2018-03-04,7417.0,4774.0
161/YANKEE STAD,2018-03-05,19618.0,10350.0
161/YANKEE STAD,2018-03-06,20203.0,10354.0
161/YANKEE STAD,2018-03-07,14265.0,7352.0
161/YANKEE STAD,2018-03-08,18902.0,9660.0
161/YANKEE STAD,2018-03-09,19412.0,10451.0
163 ST-AMSTERDM,2018-03-03,2779.0,794.0
163 ST-AMSTERDM,2018-03-04,2138.0,677.0
163 ST-AMSTERDM,2018-03-05,4026.0,870.0
163 ST-AMSTERDM,2018-03-06,4368.0,930.0
163 ST-AMSTERDM,2018-03-07,3423.0,915.0
163 ST-AMSTERDM,2018-03-08,4284.0,866.0
163 ST-AMSTERDM,2018-03-09,4302.0,926.0
167 ST,2018-03-03,11149.0,5235.0
167 ST,2018-03-04,8237.0,4257.0
167 ST,2018-03-05,18901.0,11676.0
167 ST,2018-03-06,19316.0,11829.0
167 ST,2018-03-07,14298.0,9125.0
167 ST,2018-03-08,19002.0,12472.0
167 ST,2018-03-09,19358.0,11670.0
168 ST,2018-03-03,15098.0,8515.0
168 ST,2018-03-04,14379.0,10013.0
168 ST,2018-03-05,25560.0,17586.0
168 ST,2018-03-06,26872.0,18433.0
168 ST,2018-03-07,19483.0,12912.0
168 ST,2018-03-08,26296.0,17824.0
168 ST,2018-03-09,27724.0,18579.0
169 ST,2018-03-03,4425.0,3519.0
169 ST,2018-03-04,3396.0,2754.0
169 ST,2018-03-05,8811.0,7213.0
169 ST,2018-03-06,9101.0,7593.0
169 ST,2018-03-07,6591.0,5574.0
169 ST,2018-03-08,8652.0,7136.0
169 ST,2018-03-09,8968.0,7109.0
170 ST,2018-03-03,8186.0,5555.0
170 ST,2018-03-04,6328.0,4419.0
170 ST,2018-03-05,15080.0,9230.0
170 ST,2018-03-06,15725.0,9485.0
170 ST,2018-03-07,11454.0,6809.0
170 ST,2018-03-08,15357.0,8969.0
170 ST,2018-03-09,15605.0,9267.0
174 ST,2018-03-03,2583.0,2555.0
174 ST,2018-03-04,1895.0,1974.0
174 ST,2018-03-05,4386.0,3616.0
174 ST,2018-03-06,4336.0,3846.0
174 ST,2018-03-07,2996.0,3045.0
174 ST,2018-03-08,4245.0,4090.0
174 ST,2018-03-09,3597.0,2705.0
174-175 STS,2018-03-03,3125.0,1140.0
174-175 STS,2018-03-04,2514.0,938.0
174-175 STS,2018-03-05,5334.0,1918.0
174-175 STS,2018-03-06,5382.0,2089.0
174-175 STS,2018-03-07,4174.0,1523.0
174-175 STS,2018-03-08,5455.0,1974.0
174-175 STS,2018-03-09,5653.0,2099.0
175 ST,2018-03-03,6631.0,3556.0
175 ST,2018-03-04,5450.0,3221.0
175 ST,2018-03-05,13301.0,6411.0
175 ST,2018-03-06,13803.0,6676.0
175 ST,2018-03-07,8701.0,5143.0
175 ST,2018-03-08,13187.0,6373.0
175 ST,2018-03-09,13981.0,6615.0
176 ST,2018-03-03,2805.0,1783.0
176 ST,2018-03-04,2064.0,1458.0
176 ST,2018-03-05,5648.0,3063.0
176 ST,2018-03-06,5877.0,3040.0
176 ST,2018-03-07,4336.0,2208.0
176 ST,2018-03-08,5999.0,2848.0
176 ST,2018-03-09,5950.0,3213.0
18 AV,2018-03-03,7844.0,1597.0
18 AV,2018-03-04,6998.0,1697.0
18 AV,2018-03-05,14957.0,2846.0
18 AV,2018-03-06,15268.0,2962.0
18 AV,2018-03-07,11625.0,2241.0
18 AV,2018-03-08,14779.0,2787.0
18 AV,2018-03-09,14621.0,2625.0
18 ST,2018-03-03,4295.0,3470.0
18 ST,2018-03-04,3149.0,2585.0
18 ST,2018-03-05,8475.0,5476.0
18 ST,2018-03-06,9423.0,5796.0
18 ST,2018-03-07,6287.0,3598.0
18 ST,2018-03-08,9227.0,5682.0
18 ST,2018-03-09,9212.0,5741.0
181 ST,2018-03-03,13514.0,12178.0
181 ST,2018-03-04,11456.0,10120.0
181 ST,2018-03-05,22574.0,19134.0
181 ST,2018-03-06,23387.0,18804.0
181 ST,2018-03-07,16468.0,14345.0
181 ST,2018-03-08,22777.0,18182.0
181 ST,2018-03-09,23070.0,18623.0
182-183 STS,2018-03-03,3286.0,1229.0
182-183 STS,2018-03-04,2472.0,1000.0
182-183 STS,2018-03-05,5118.0,1538.0
182-183 STS,2018-03-06,5188.0,1529.0
182-183 STS,2018-03-07,3969.0,1376.0
182-183 STS,2018-03-08,5094.0,1446.0
182-183 STS,2018-03-09,5268.0,1633.0
183 ST,2018-03-03,3698.0,1728.0
183 ST,2018-03-04,2900.0,1263.0
183 ST,2018-03-05,6008.0,2785.0
183 ST,2018-03-06,6136.0,2728.0
183 ST,2018-03-07,4547.0,2298.0
183 ST,2018-03-08,6116.0,3027.0
183 ST,2018-03-09,5213.0,2694.0
190 ST,2018-03-03,2335.0,1176.0
190 ST,2018-03-04,1910.0,1135.0
190 ST,2018-03-05,4479.0,1618.0
190 ST,2018-03-06,4705.0,1699.0
190 ST,2018-03-07,3484.0,1308.0
190 ST,2018-03-08,4761.0,1749.0
190 ST,2018-03-09,4329.0,1641.0
191 ST,2018-03-03,5586.0,5588.0
191 ST,2018-03-04,4594.0,4696.0
191 ST,2018-03-05,8404.0,9059.0
191 ST,2018-03-06,8794.0,9453.0
191 ST,2018-03-07,6392.0,6922.0
191 ST,2018-03-08,8657.0,9093.0
191 ST,2018-03-09,8637.0,8810.0
2 AV,2018-03-03,11745.0,13812.0
2 AV,2018-03-04,9211.0,9430.0
2 AV,2018-03-05,14084.0,14191.0
2 AV,2018-03-06,15611.0,15392.0
2 AV,2018-03-07,11790.0,11985.0
2 AV,2018-03-08,16289.0,16176.0
2 AV,2018-03-09,17129.0,18488.0
20 AV,2018-03-03,4795.0,1332.0
20 AV,2018-03-04,3928.0,1201.0
20 AV,2018-03-05,8556.0,2644.0
20 AV,2018-03-06,8810.0,2774.0
20 AV,2018-03-07,6760.0,2611.0
20 AV,2018-03-08,8580.0,2619.0
20 AV,2018-03-09,8530.0,2772.0
207 ST,2018-03-03,4750.0,2208.0
207 ST,2018-03-04,3678.0,1684.0
207 ST,2018-03-05,6703.0,3008.0
207 ST,2018-03-06,6913.0,3032.0
207 ST,2018-03-07,4388.0,1988.0
207 ST,2018-03-08,6543.0,2898.0
207 ST,2018-03-09,6763.0,3089.0
21 ST,2018-03-03,1429.0,1412.0
21 ST,2018-03-04,1311.0,1346.0
21 ST,2018-03-05,1774.0,1916.0
21 ST,2018-03-06,1767.0,1959.0
21 ST,2018-03-07,1400.0,1445.0
21 ST,2018-03-08,1679.0,1903.0
21 ST,2018-03-09,1734.0,1969.0
21 ST-QNSBRIDGE,2018-03-03,6349.0,4288.0
21 ST-QNSBRIDGE,2018-03-04,4776.0,3498.0
21 ST-QNSBRIDGE,2018-03-05,10762.0,6259.0
21 ST-QNSBRIDGE,2018-03-06,11246.0,6088.0
21 ST-QNSBRIDGE,2018-03-07,8576.0,5521.0
21 ST-QNSBRIDGE,2018-03-08,11063.0,6203.0
21 ST-QNSBRIDGE,2018-03-09,11357.0,6289.0
215 ST,2018-03-03,1120.0,472.0
215 ST,2018-03-04,878.0,384.0
215 ST,2018-03-05,2079.0,711.0
215 ST,2018-03-06,2076.0,758.0
215 ST,2018-03-07,1373.0,520.0
215 ST,2018-03-08,1835.0,769.0
215 ST,2018-03-09,1937.0,766.0
219 ST,2018-03-03,1894.0,823.0
219 ST,2018-03-04,1331.0,692.0
219 ST,2018-03-05,3440.0,1487.0
219 ST,2018-03-06,3642.0,1653.0
219 ST,2018-03-07,2539.0,1231.0
219 ST,2018-03-08,3394.0,1558.0
219 ST,2018-03-09,3442.0,1672.0
225 ST,2018-03-03,2195.0,921.0
225 ST,2018-03-04,1659.0,732.0
225 ST,2018-03-05,4121.0,1658.0
225 ST,2018-03-06,4295.0,1759.0
225 ST,2018-03-07,2973.0,1256.0
225 ST,2018-03-08,4084.0,1643.0
225 ST,2018-03-09,4021.0,2022.0
23 ST,2018-03-03,48203.0,38372.0
23 ST,2018-03-04,34595.0,27364.0
23 ST,2018-03-05,107540.0,81021.0
23 ST,2018-03-06,113944.0,86342.0
23 ST,2018-03-07,79770.0,60358.0
23 ST,2018-03-08,110073.0,84894.0
23 ST,2018-03-09,106769.0,81800.0
231 ST,2018-03-03,5862.0,755.0
231 ST,2018-03-04,4401.0,641.0
231 ST,2018-03-05,10010.0,1388.0
231 ST,2018-03-06,10636.0,1468.0
231 ST,2018-03-07,6852.0,949.0
231 ST,2018-03-08,10077.0,1345.0
231 ST,2018-03-09,10249.0,1343.0
233 ST,2018-03-03,2607.0,763.0
233 ST,2018-03-04,1869.0,605.0
233 ST,2018-03-05,5086.0,1336.0
233 ST,2018-03-06,5107.0,1330.0
233 ST,2018-03-07,3584.0,1043.0
233 ST,2018-03-08,4887.0,1310.0
233 ST,2018-03-09,4909.0,2126.0
238 ST,2018-03-03,2386.0,57.0
238 ST,2018-03-04,1824.0,68.0
238 ST,2018-03-05,4365.0,91.0
238 ST,2018-03-06,4689.0,100.0
238 ST,2018-03-07,3198.0,84.0
238 ST,2018-03-08,4285.0,125.0
238 ST,2018-03-09,4653.0,161.0
25 AV,2018-03-03,2866.0,694.0
25 AV,2018-03-04,2250.0,577.0
25 AV,2018-03-05,5534.0,1132.0
25 AV,2018-03-06,5690.0,1159.0
25 AV,2018-03-07,4378.0,1100.0
25 AV,2018-03-08,5425.0,1147.0
25 AV,2018-03-09,5332.0,1124.0
25 ST,2018-03-03,1524.0,1830.0
25 ST,2018-03-04,1113.0,1360.0
25 ST,2018-03-05,3805.0,3167.0
25 ST,2018-03-06,4035.0,3072.0
25 ST,2018-03-07,3118.0,2659.0
25 ST,2018-03-08,3944.0,2851.0
25 ST,2018-03-09,4078.0,2964.0
28 ST,2018-03-03,18633.0,21172.0
28 ST,2018-03-04,14073.0,15601.0
28 ST,2018-03-05,45337.0,41394.0
28 ST,2018-03-06,48582.0,44954.0
28 ST,2018-03-07,35769.0,31974.0
28 ST,2018-03-08,46434.0,43884.0
28 ST,2018-03-09,47506.0,44266.0
3 AV,2018-03-03,5768.0,6485.0
3 AV,2018-03-04,4461.0,4634.0
3 AV,2018-03-05,6919.0,6780.0
3 AV,2018-03-06,7139.0,7068.0
3 AV,2018-03-07,4912.0,5451.0
3 AV,2018-03-08,6966.0,6956.0
3 AV,2018-03-09,7335.0,8049.0
3 AV 138 ST,2018-03-03,4072.0,2858.0
3 AV 138 ST,2018-03-04,3089.0,2279.0
3 AV 138 ST,2018-03-05,7651.0,4194.0
3 AV 138 ST,2018-03-06,7841.0,4477.0
3 AV 138 ST,2018-03-07,5942.0,3813.0
3 AV 138 ST,2018-03-08,7529.0,4153.0
3 AV 138 ST,2018-03-09,7413.0,4368.0
3 AV-149 ST,2018-03-03,9133.0,5674.0
3 AV-149 ST,2018-03-04,-67102879.0,-16772881.0
3 AV-149 ST,2018-03-05,18782.0,8460.0
3 AV-149 ST,2018-03-06,19512.0,8915.0
3 AV-149 ST,2018-03-07,13191.0,6446.0
3 AV-149 ST,2018-03-08,18155.0,8473.0
3 AV-149 ST,2018-03-09,19682.0,8996.0
33 ST,2018-03-03,6861.0,7158.0
33 ST,2018-03-04,5214.0,5596.0
33 ST,2018-03-05,25441.0,19859.0
33 ST,2018-03-06,27364.0,21709.0
33 ST,2018-03-07,20850.0,16050.0
33 ST,2018-03-08,26440.0,20473.0
33 ST,2018-03-09,26204.0,20713.0
33 ST-RAWSON ST,2018-03-03,2989.0,2240.0
33 ST-RAWSON ST,2018-03-04,1486.0,1197.0
33 ST-RAWSON ST,2018-03-05,14166.0,8665.0
33 ST-RAWSON ST,2018-03-06,15080.0,8719.0
33 ST-RAWSON ST,2018-03-07,10708.0,6646.0
33 ST-RAWSON ST,2018-03-08,14807.0,10024.0
33 ST-RAWSON ST,2018-03-09,11387.0,8098.0
34 ST-HERALD SQ,2018-03-03,47135.0,59929.0
34 ST-HERALD SQ,2018-03-04,36392.0,45841.0
34 ST-HERALD SQ,2018-03-05,94299.0,105017.0
34 ST-HERALD SQ,2018-03-06,99226.0,110897.0
34 ST-HERALD SQ,2018-03-07,61996.0,72959.0
34 ST-HERALD SQ,2018-03-08,93876.0,105345.0
34 ST-HERALD SQ,2018-03-09,100143.0,114658.0
34 ST-HUDSON YD,2018-03-03,2590.0,2211.0
34 ST-HUDSON YD,2018-03-04,3657.0,2839.0
34 ST-HUDSON YD,2018-03-05,12290.0,12956.0
34 ST-HUDSON YD,2018-03-06,12623.0,13346.0
34 ST-HUDSON YD,2018-03-07,6169.0,6601.0
34 ST-HUDSON YD,2018-03-08,9019.0,10198.0
34 ST-HUDSON YD,2018-03-09,9305.0,11190.0
34 ST-PENN STA,2018-03-03,73437.0,69144.0
34 ST-PENN STA,2018-03-04,63618.0,57086.0
34 ST-PENN STA,2018-03-05,163475.0,136537.0
34 ST-PENN STA,2018-03-06,170553.0,144631.0
34 ST-PENN STA,2018-03-07,101054.0,91319.0
34 ST-PENN STA,2018-03-08,147467.0,128541.0
34 ST-PENN STA,2018-03-09,153274.0,146828.0
36 ST,2018-03-03,11192.0,7014.0
36 ST,2018-03-04,8325.0,5538.0
36 ST,2018-03-05,18754.0,9709.0
36 ST,2018-03-06,19800.0,10108.0
36 ST,2018-03-07,15275.0,8065.0
36 ST,2018-03-08,18875.0,9480.0
36 ST,2018-03-09,19475.0,10016.0
39 AV,2018-03-03,2426.0,1635.0
39 AV,2018-03-04,1910.0,1123.0
39 AV,2018-03-05,5129.0,2879.0
39 AV,2018-03-06,5110.0,2563.0
39 AV,2018-03-07,3632.0,2085.0
39 AV,2018-03-08,4871.0,2768.0
39 AV,2018-03-09,4673.0,3331.0
4 AV-9 ST,2018-03-03,2588.0,2713.0
4 AV-9 ST,2018-03-04,1848.0,2049.0
4 AV-9 ST,2018-03-05,3302.0,4700.0
4 AV-9 ST,2018-03-06,3573.0,5037.0
4 AV-9 ST,2018-03-07,2635.0,3622.0
4 AV-9 ST,2018-03-08,3421.0,4808.0
4 AV-9 ST,2018-03-09,3389.0,4792.0
40 ST LOWERY ST,2018-03-03,5366.0,4175.0
40 ST LOWERY ST,2018-03-04,3774.0,3450.0
40 ST LOWERY ST,2018-03-05,10410.0,9039.0
40 ST LOWERY ST,2018-03-06,10662.0,9288.0
40 ST LOWERY ST,2018-03-07,7928.0,7159.0
40 ST LOWERY ST,2018-03-08,10726.0,9110.0
40 ST LOWERY ST,2018-03-09,10917.0,8929.0
42 ST-BRYANT PK,2018-03-03,12360.0,15529.0
42 ST-BRYANT PK,2018-03-04,9509.0,11837.0
42 ST-BRYANT PK,2018-03-05,40100.0,38463.0
42 ST-BRYANT PK,2018-03-06,43540.0,41394.0
42 ST-BRYANT PK,2018-03-07,29666.0,28066.0
42 ST-BRYANT PK,2018-03-08,41190.0,40140.0
42 ST-BRYANT PK,2018-03-09,41411.0,41969.0
42 ST-PORT AUTH,2018-03-03,45136.0,46134.0
42 ST-PORT AUTH,2018-03-04,39164.0,36010.0
42 ST-PORT AUTH,2018-03-05,70599.0,64112.0
42 ST-PORT AUTH,2018-03-06,72268.0,68685.0
42 ST-PORT AUTH,2018-03-07,49257.0,49160.0
42 ST-PORT AUTH,2018-03-08,67530.0,64417.0
42 ST-PORT AUTH,2018-03-09,75571.0,71378.0
45 ST,2018-03-03,2084.0,2317.0
45 ST,2018-03-04,1528.0,2030.0
45 ST,2018-03-05,7245.0,4030.0
45 ST,2018-03-06,7638.0,3967.0
45 ST,2018-03-07,5966.0,3383.0
45 ST,2018-03-08,7400.0,3693.0
45 ST,2018-03-09,7511.0,3903.0
46 ST,2018-03-03,4835.0,3692.0
46 ST,2018-03-04,3675.0,3076.0
46 ST,2018-03-05,8790.0,6565.0
46 ST,2018-03-06,9280.0,6662.0
46 ST,2018-03-07,6879.0,5509.0
46 ST,2018-03-08,8883.0,6320.0
46 ST,2018-03-09,9062.0,6729.0
46 ST BLISS ST,2018-03-03,7942.0,5579.0
46 ST BLISS ST,2018-03-04,5714.0,4689.0
46 ST BLISS ST,2018-03-05,12999.0,10544.0
46 ST BLISS ST,2018-03-06,13776.0,10282.0
46 ST BLISS ST,2018-03-07,10107.0,7801.0
46 ST BLISS ST,2018-03-08,13285.0,9526.0
46 ST BLISS ST,2018-03-09,13610.0,9959.0
47-50 STS ROCK,2018-03-03,12571.0,14915.0
47-50 STS ROCK,2018-03-04,9847.0,11172.0
47-50 STS ROCK,2018-03-05,56695.0,59457.0
47-50 STS ROCK,2018-03-06,59331.0,62441.0
47-50 STS ROCK,2018-03-07,47654.0,47755.0
47-50 STS ROCK,2018-03-08,57479.0,60937.0
47-50 STS ROCK,2018-03-09,57379.0,61941.0
49 ST,2018-03-03,14881.0,13960.0
49 ST,2018-03-04,12281.0,10983.0
49 ST,2018-03-05,22696.0,19166.0
49 ST,2018-03-06,24569.0,21077.0
49 ST,2018-03-07,18837.0,16349.0
49 ST,2018-03-08,24394.0,21451.0
49 ST,2018-03-09,25485.0,21478.0
4AV-9 ST,2018-03-03,4624.0,3718.0
4AV-9 ST,2018-03-04,3386.0,2656.0
4AV-9 ST,2018-03-05,9229.0,6271.0
4AV-9 ST,2018-03-06,9982.0,6459.0
4AV-9 ST,2018-03-07,7090.0,4655.0
4AV-9 ST,2018-03-08,9723.0,6068.0
4AV-9 ST,2018-03-09,9674.0,6059.0
5 AV/53 ST,2018-03-03,5750.0,7162.0
5 AV/53 ST,2018-03-04,4030.0,4789.0
5 AV/53 ST,2018-03-05,24567.0,27104.0
5 AV/53 ST,2018-03-06,25703.0,29000.0
5 AV/53 ST,2018-03-07,19022.0,18171.0
5 AV/53 ST,2018-03-08,23475.0,27181.0
5 AV/53 ST,2018-03-09,25832.0,28493.0
5 AV/59 ST,2018-03-03,7315.0,6082.0
5 AV/59 ST,2018-03-04,5466.0,4456.0
5 AV/59 ST,2018-03-05,13684.0,10247.0
5 AV/59 ST,2018-03-06,14532.0,10916.0
5 AV/59 ST,2018-03-07,10616.0,7737.0
5 AV/59 ST,2018-03-08,13597.0,10729.0
5 AV/59 ST,2018-03-09,13866.0,10385.0
5 AVE,2018-03-03,1687.0,1360.0
5 AVE,2018-03-04,1332.0,711.0
5 AVE,2018-03-05,12612.0,10914.0
5 AVE,2018-03-06,12674.0,11040.0
5 AVE,2018-03-07,8678.0,7704.0
5 AVE,2018-03-08,12198.0,10845.0
5 AVE,2018-03-09,12327.0,10869.0
50 ST,2018-03-03,24403.0,20889.0
50 ST,2018-03-04,22262.0,16688.0
50 ST,2018-03-05,45295.0,35334.0
50 ST,2018-03-06,48845.0,37770.0
50 ST,2018-03-07,36326.0,28713.0
50 ST,2018-03-08,47716.0,36970.0
50 ST,2018-03-09,50343.0,38650.0
51 ST,2018-03-03,8070.0,9786.0
51 ST,2018-03-04,6373.0,7674.0
51 ST,2018-03-05,19068.0,21688.0
51 ST,2018-03-06,20615.0,22609.0
51 ST,2018-03-07,15325.0,16676.0
51 ST,2018-03-08,19746.0,22289.0
51 ST,2018-03-09,20612.0,22958.0
52 ST,2018-03-03,3574.0,2912.0
52 ST,2018-03-04,2732.0,2628.0
52 ST,2018-03-05,6295.0,5243.0
52 ST,2018-03-06,6581.0,5222.0
52 ST,2018-03-07,5070.0,4594.0
52 ST,2018-03-08,6623.0,5188.0
52 ST,2018-03-09,6405.0,4998.0
53 ST,2018-03-03,2944.0,3207.0
53 ST,2018-03-04,2033.0,2265.0
53 ST,2018-03-05,7316.0,5960.0
53 ST,2018-03-06,7512.0,5677.0
53 ST,2018-03-07,5800.0,4769.0
53 ST,2018-03-08,7221.0,5534.0
53 ST,2018-03-09,7334.0,5628.0
55 ST,2018-03-03,725.0,361.0
55 ST,2018-03-04,1168.0,567.0
55 ST,2018-03-05,2421.0,982.0
55 ST,2018-03-06,2467.0,1060.0
55 ST,2018-03-07,1997.0,897.0
55 ST,2018-03-08,2326.0,1009.0
55 ST,2018-03-09,2079.0,806.0
57 ST,2018-03-03,3907.0,7013.0
57 ST,2018-03-04,3325.0,5912.0
57 ST,2018-03-05,8526.0,11406.0
57 ST,2018-03-06,9300.0,12061.0
57 ST,2018-03-07,7582.0,9177.0
57 ST,2018-03-08,8938.0,11386.0
57 ST,2018-03-09,9855.0,11942.0
57 ST-7 AV,2018-03-03,15800.0,6687.0
57 ST-7 AV,2018-03-04,12841.0,4838.0
57 ST-7 AV,2018-03-05,27640.0,9738.0
57 ST-7 AV,2018-03-06,29394.0,10695.0
57 ST-7 AV,2018-03-07,20368.0,7149.0
57 ST-7 AV,2018-03-08,28726.0,10437.0
57 ST-7 AV,2018-03-09,28156.0,10412.0
59 ST,2018-03-03,30474.0,25557.0
59 ST,2018-03-04,21905.0,18743.0
59 ST,2018-03-05,58813.0,48894.0
59 ST,2018-03-06,63091.0,51845.0
59 ST,2018-03-07,42411.0,36002.0
59 ST,2018-03-08,59888.0,50311.0
59 ST,2018-03-09,60632.0,50690.0
59 ST COLUMBUS,2018-03-03,40018.0,32012.0
59 ST COLUMBUS,2018-03-04,31393.0,24855.0
59 ST COLUMBUS,2018-03-05,71779.0,57526.0
59 ST COLUMBUS,2018-03-06,76541.0,60224.0
59 ST COLUMBUS,2018-03-07,49047.0,39553.0
59 ST COLUMBUS,2018-03-08,72553.0,57850.0
59 ST COLUMBUS,2018-03-09,69610.0,56630.0
6 AV,2018-03-03,404.0,2056.0
6 AV,2018-03-04,238.0,1478.0
6 AV,2018-03-05,494.0,2452.0
6 AV,2018-03-06,474.0,2446.0
6 AV,2018-03-07,116.0,1983.0
6 AV,2018-03-08,252.0,2726.0
6 AV,2018-03-09,625.0,2573.0
61 ST WOODSIDE,2018-03-03,7019.0,4700.0
61 ST WOODSIDE,2018-03-04,7113.0,6357.0
61 ST WOODSIDE,2018-03-05,15933.0,14173.0
61 ST WOODSIDE,2018-03-06,16178.0,14547.0
61 ST WOODSIDE,2018-03-07,11896.0,11323.0
61 ST WOODSIDE,2018-03-08,15783.0,13573.0
61 ST WOODSIDE,2018-03-09,15909.0,14520.0
63 DR-REGO PARK,2018-03-03,8376.0,3498.0
63 DR-REGO PARK,2018-03-04,6663.0,2870.0
63 DR-REGO PARK,2018-03-05,16221.0,5549.0
63 DR-REGO PARK,2018-03-06,16687.0,5868.0
63 DR-REGO PARK,2018-03-07,12044.0,4075.0
63 DR-REGO PARK,2018-03-08,15967.0,5678.0
63 DR-REGO PARK,2018-03-09,16411.0,5647.0
65 ST,2018-03-03,2154.0,1475.0
65 ST,2018-03-04,1829.0,1253.0
65 ST,2018-03-05,3629.0,2055.0
65 ST,2018-03-06,3655.0,2054.0
65 ST,2018-03-07,2931.0,1941.0
65 ST,2018-03-08,3593.0,2013.0
65 ST,2018-03-09,3792.0,2234.0
66 ST-LINCOLN,2018-03-03,11662.0,12960.0
66 ST-LINCOLN,2018-03-04,9445.0,9888.0
66 ST-LINCOLN,2018-03-05,19354.0,19118.0
66 ST-LINCOLN,2018-03-06,20326.0,20548.0
66 ST-LINCOLN,2018-03-07,16458.0,16508.0
66 ST-LINCOLN,2018-03-08,20275.0,19801.0
66 ST-LINCOLN,2018-03-09,20509.0,20543.0
67 AV,2018-03-03,3729.0,1708.0
67 AV,2018-03-04,2873.0,1408.0
67 AV,2018-03-05,9323.0,4476.0
67 AV,2018-03-06,9949.0,4616.0
67 AV,2018-03-07,7423.0,3672.0
67 AV,2018-03-08,9623.0,4501.0
67 AV,2018-03-09,9191.0,4164.0
68ST-HUNTER CO,2018-03-03,7763.0,8279.0
68ST-HUNTER CO,2018-03-04,5524.0,6352.0
68ST-HUNTER CO,2018-03-05,22533.0,18736.0
68ST-HUNTER CO,2018-03-06,23438.0,19189.0
68ST-HUNTER CO,2018-03-07,16451.0,12622.0
68ST-HUNTER CO,2018-03-08,21852.0,17074.0
68ST-HUNTER CO,2018-03-09,21839.0,17038.0
69 ST,2018-03-03,2838.0,2549.0
69 ST,2018-03-04,2404.0,2238.0
69 ST,2018-03-05,4675.0,4403.0
69 ST,2018-03-06,4805.0,4422.0
69 ST,2018-03-07,3568.0,3630.0
69 ST,2018-03-08,4688.0,4142.0
69 ST,2018-03-09,4798.0,4410.0
7 AV,2018-03-03,15983.0,15010.0
7 AV,2018-03-04,12836.0,12486.0
7 AV,2018-03-05,34787.0,31610.0
7 AV,2018-03-06,35705.0,31982.0
7 AV,2018-03-07,28011.0,25109.0
7 AV,2018-03-08,35252.0,31429.0
7 AV,2018-03-09,36128.0,32645.0
71 ST,2018-03-03,3436.0,1614.0
71 ST,2018-03-04,2763.0,972.0
71 ST,2018-03-05,6036.0,2056.0
71 ST,2018-03-06,6140.0,1933.0
71 ST,2018-03-07,4772.0,1647.0
71 ST,2018-03-08,5902.0,1859.0
71 ST,2018-03-09,5738.0,1921.0
72 ST,2018-03-03,22385.0,20488.0
72 ST,2018-03-04,19595.0,17903.0
72 ST,2018-03-05,38341.0,30636.0
72 ST,2018-03-06,39703.0,31035.0
72 ST,2018-03-07,29997.0,22435.0
72 ST,2018-03-08,39106.0,29506.0
72 ST,2018-03-09,32223.0,24813.0
72 ST-2 AVE,2018-03-03,12997.0,11039.0
72 ST-2 AVE,2018-03-04,9975.0,9455.0
72 ST-2 AVE,2018-03-05,27303.0,24772.0
72 ST-2 AVE,2018-03-06,29161.0,25659.0
72 ST-2 AVE,2018-03-07,22978.0,20528.0
72 ST-2 AVE,2018-03-08,28130.0,24344.0
72 ST-2 AVE,2018-03-09,28015.0,24645.0
74 ST-BROADWAY,2018-03-03,2706.0,3947.0
74 ST-BROADWAY,2018-03-04,2202.0,3058.0
74 ST-BROADWAY,2018-03-05,3263.0,4562.0
74 ST-BROADWAY,2018-03-06,3205.0,4733.0
74 ST-BROADWAY,2018-03-07,2155.0,3004.0
74 ST-BROADWAY,2018-03-08,3043.0,4510.0
74 ST-BROADWAY,2018-03-09,3142.0,4783.0
75 AV,2018-03-03,1714.0,151.0
75 AV,2018-03-04,1380.0,76.0
75 AV,2018-03-05,3590.0,119.0
75 AV,2018-03-06,3785.0,151.0
75 AV,2018-03-07,2802.0,198.0
75 AV,2018-03-08,3648.0,120.0
75 AV,2018-03-09,3643.0,100.0
75 ST-ELDERTS,2018-03-03,0.0,12.0
75 ST-ELDERTS,2018-03-04,6.0,25.0
75 ST-ELDERTS,2018-03-05,3690.0,2521.0
75 ST-ELDERTS,2018-03-06,3833.0,2663.0
75 ST-ELDERTS,2018-03-07,2978.0,2060.0
75 ST-ELDERTS,2018-03-08,3714.0,2527.0
75 ST-ELDERTS,2018-03-09,3571.0,2312.0
77 ST,2018-03-03,14271.0,15026.0
77 ST,2018-03-04,10337.0,11450.0
77 ST,2018-03-05,29060.0,25520.0
77 ST,2018-03-06,30644.0,26544.0
77 ST,2018-03-07,22931.0,21533.0
77 ST,2018-03-08,29735.0,25496.0
77 ST,2018-03-09,29717.0,25905.0
79 ST,2018-03-03,14390.0,6238.0
79 ST,2018-03-04,12390.0,5958.0
79 ST,2018-03-05,19788.0,8609.0
79 ST,2018-03-06,20892.0,8710.0
79 ST,2018-03-07,16491.0,7499.0
79 ST,2018-03-08,20879.0,8816.0
79 ST,2018-03-09,20431.0,8974.0
8 AV,2018-03-03,22647.0,17654.0
8 AV,2018-03-04,20869.0,15079.0
8 AV,2018-03-05,28930.0,19680.0
8 AV,2018-03-06,29844.0,21409.0
8 AV,2018-03-07,20602.0,15985.0
8 AV,2018-03-08,28062.0,20578.0
8 AV,2018-03-09,30856.0,22040.0
8 ST-NYU,2018-03-03,13202.0,10860.0
8 ST-NYU,2018-03-04,10384.0,8283.0
8 ST-NYU,2018-03-05,16395.0,11440.0
8 ST-NYU,2018-03-06,17457.0,12280.0
8 ST-NYU,2018-03-07,12325.0,7956.0
8 ST-NYU,2018-03-08,16934.0,12114.0
8 ST-NYU,2018-03-09,18000.0,12841.0
80 ST,2018-03-03,2355.0,1149.0
80 ST,2018-03-04,1716.0,962.0
80 ST,2018-03-05,4365.0,2002.0
80 ST,2018-03-06,4622.0,2140.0
80 ST,2018-03-07,3440.0,1880.0
80 ST,2018-03-08,4360.0,1924.0
80 ST,2018-03-09,4417.0,1998.0
81 ST-MUSEUM,2018-03-03,3086.0,5091.0
81 ST-MUSEUM,2018-03-04,3027.0,4500.0
81 ST-MUSEUM,2018-03-05,10199.0,8468.0
81 ST-MUSEUM,2018-03-06,10629.0,8828.0
81 ST-MUSEUM,2018-03-07,11694.0,9473.0
81 ST-MUSEUM,2018-03-08,10045.0,8348.0
81 ST-MUSEUM,2018-03-09,10648.0,8970.0
82 ST-JACKSON H,2018-03-03,6501.0,7436.0
82 ST-JACKSON H,2018-03-04,4440.0,5233.0
82 ST-JACKSON H,2018-03-05,14995.0,15778.0
82 ST-JACKSON H,2018-03-06,15295.0,15925.0
82 ST-JACKSON H,2018-03-07,11069.0,11547.0
82 ST-JACKSON H,2018-03-08,14781.0,15295.0
82 ST-JACKSON H,2018-03-09,14985.0,15734.0
85 ST-FOREST PK,2018-03-03,0.0,6.0
85 ST-FOREST PK,2018-03-04,8.0,12.0
85 ST-FOREST PK,2018-03-05,3929.0,2361.0
85 ST-FOREST PK,2018-03-06,4049.0,2464.0
85 ST-FOREST PK,2018-03-07,3065.0,2014.0
85 ST-FOREST PK,2018-03-08,3876.0,2340.0
85 ST-FOREST PK,2018-03-09,3979.0,2450.0
86 ST,2018-03-03,43596.0,38827.0
86 ST,2018-03-04,33357.0,31896.0
86 ST,2018-03-05,83361.0,65663.0
86 ST,2018-03-06,86696.0,68157.0
86 ST,2018-03-07,62442.0,50641.0
86 ST,2018-03-08,85105.0,66711.0
86 ST,2018-03-09,86529.0,69344.0
86 ST-2 AVE,2018-03-03,16239.0,10549.0
86 ST-2 AVE,2018-03-04,12415.0,9587.0
86 ST-2 AVE,2018-03-05,22878.0,14497.0
86 ST-2 AVE,2018-03-06,24293.0,14461.0
86 ST-2 AVE,2018-03-07,18274.0,12638.0
86 ST-2 AVE,2018-03-08,24084.0,14188.0
86 ST-2 AVE,2018-03-09,24251.0,14490.0
88 ST,2018-03-03,1379.0,482.0
88 ST,2018-03-04,949.0,411.0
88 ST,2018-03-05,2912.0,1009.0
88 ST,2018-03-06,2991.0,1071.0
88 ST,2018-03-07,2205.0,893.0
88 ST,2018-03-08,2867.0,981.0
88 ST,2018-03-09,2856.0,954.0
9 AV,2018-03-03,3191.0,2453.0
9 AV,2018-03-04,2702.0,2267.0
9 AV,2018-03-05,5384.0,4273.0
9 AV,2018-03-06,5489.0,4581.0
9 AV,2018-03-07,4233.0,3913.0
9 AV,2018-03-08,5366.0,4251.0
9 AV,2018-03-09,5374.0,4737.0
90 ST-ELMHURST,2018-03-03,9641.0,2671.0
90 ST-ELMHURST,2018-03-04,6405.0,2040.0
90 ST-ELMHURST,2018-03-05,16446.0,7652.0
90 ST-ELMHURST,2018-03-06,16837.0,7538.0
90 ST-ELMHURST,2018-03-07,13243.0,6098.0
90 ST-ELMHURST,2018-03-08,16818.0,7230.0
90 ST-ELMHURST,2018-03-09,16951.0,7278.0
96 ST,2018-03-03,32202.0,25266.0
96 ST,2018-03-04,25890.0,23544.0
96 ST,2018-03-05,59930.0,43078.0
96 ST,2018-03-06,63353.0,45044.0
96 ST,2018-03-07,46457.0,36249.0
96 ST,2018-03-08,60983.0,42272.0
96 ST,2018-03-09,61866.0,45292.0
96 ST-2 AVE,2018-03-03,10974.0,6973.0
96 ST-2 AVE,2018-03-04,8184.0,6383.0
96 ST-2 AVE,2018-03-05,18074.0,11557.0
96 ST-2 AVE,2018-03-06,19072.0,11571.0
96 ST-2 AVE,2018-03-07,14209.0,9595.0
96 ST-2 AVE,2018-03-08,18871.0,11084.0
96 ST-2 AVE,2018-03-09,18968.0,11326.0
9TH STREET,2018-03-03,2744.0,4281.0
9TH STREET,2018-03-04,2093.0,2927.0
9TH STREET,2018-03-05,4503.0,5119.0
9TH STREET,2018-03-06,4938.0,5423.0
9TH STREET,2018-03-07,2126.0,2570.0
9TH STREET,2018-03-08,3986.0,4752.0
9TH STREET,2018-03-09,4729.0,5569.0
ALABAMA AV,2018-03-03,52.0,64.0
ALABAMA AV,2018-03-04,3.0,1.0
ALABAMA AV,2018-03-05,2175.0,2056.0
ALABAMA AV,2018-03-06,2218.0,2190.0
ALABAMA AV,2018-03-07,1705.0,1701.0
ALABAMA AV,2018-03-08,2028.0,2083.0
ALABAMA AV,2018-03-09,2146.0,2093.0
ALLERTON AV,2018-03-03,2540.0,1897.0
ALLERTON AV,2018-03-04,1891.0,1664.0
ALLERTON AV,2018-03-05,5102.0,1672.0
ALLERTON AV,2018-03-06,5321.0,1758.0
ALLERTON AV,2018-03-07,3712.0,1393.0
ALLERTON AV,2018-03-08,4972.0,1701.0
ALLERTON AV,2018-03-09,5036.0,1849.0
AQUEDUCT N.COND,2018-03-03,450.0,1507.0
AQUEDUCT N.COND,2018-03-04,297.0,1250.0
AQUEDUCT N.COND,2018-03-05,982.0,1318.0
AQUEDUCT N.COND,2018-03-06,999.0,1448.0
AQUEDUCT N.COND,2018-03-07,668.0,934.0
AQUEDUCT N.COND,2018-03-08,923.0,1445.0
AQUEDUCT N.COND,2018-03-09,945.0,1711.0
AQUEDUCT RACETR,2018-03-03,2326.0,206.0
AQUEDUCT RACETR,2018-03-04,2087.0,158.0
AQUEDUCT RACETR,2018-03-05,1662.0,133.0
AQUEDUCT RACETR,2018-03-06,1837.0,146.0
AQUEDUCT RACETR,2018-03-07,1288.0,108.0
AQUEDUCT RACETR,2018-03-08,1901.0,174.0
AQUEDUCT RACETR,2018-03-09,2230.0,195.0
ASTOR PL,2018-03-03,5960.0,4883.0
ASTOR PL,2018-03-04,4904.0,3660.0
ASTOR PL,2018-03-05,13261.0,14657.0
ASTOR PL,2018-03-06,14026.0,15536.0
ASTOR PL,2018-03-07,10682.0,11332.0
ASTOR PL,2018-03-08,14126.0,15650.0
ASTOR PL,2018-03-09,14761.0,17719.0
ASTORIA BLVD,2018-03-03,10097.0,6644.0
ASTORIA BLVD,2018-03-04,7247.0,5677.0
ASTORIA BLVD,2018-03-05,17284.0,11935.0
ASTORIA BLVD,2018-03-06,18242.0,12834.0
ASTORIA BLVD,2018-03-07,12943.0,9325.0
ASTORIA BLVD,2018-03-08,17735.0,11823.0
ASTORIA BLVD,2018-03-09,18228.0,11459.0
ASTORIA DITMARS,2018-03-03,9315.0,7499.0
ASTORIA DITMARS,2018-03-04,6721.0,6036.0
ASTORIA DITMARS,2018-03-05,16485.0,13523.0
ASTORIA DITMARS,2018-03-06,17160.0,13802.0
ASTORIA DITMARS,2018-03-07,12059.0,10394.0
ASTORIA DITMARS,2018-03-08,16583.0,13194.0
ASTORIA DITMARS,2018-03-09,17055.0,12987.0
ATL AV-BARCLAY,2018-03-03,26365.0,26105.0
ATL AV-BARCLAY,2018-03-04,21098.0,18828.0
ATL AV-BARCLAY,2018-03-05,43397.0,37256.0
ATL AV-BARCLAY,2018-03-06,49661.0,43950.0
ATL AV-BARCLAY,2018-03-07,33682.0,34080.0
ATL AV-BARCLAY,2018-03-08,48878.0,47526.0
ATL AV-BARCLAY,2018-03-09,47240.0,48710.0
ATLANTIC AV,2018-03-03,1128.0,389.0
ATLANTIC AV,2018-03-04,816.0,345.0
ATLANTIC AV,2018-03-05,1975.0,828.0
ATLANTIC AV,2018-03-06,2067.0,766.0
ATLANTIC AV,2018-03-07,1443.0,638.0
ATLANTIC AV,2018-03-08,1941.0,741.0
ATLANTIC AV,2018-03-09,2026.0,752.0
AVENUE H,2018-03-03,1801.0,1335.0
AVENUE H,2018-03-04,1447.0,1176.0
AVENUE H,2018-03-05,4019.0,3136.0
AVENUE H,2018-03-06,4244.0,3140.0
AVENUE H,2018-03-07,2889.0,2295.0
AVENUE H,2018-03-08,4049.0,3075.0
AVENUE H,2018-03-09,3280.0,2391.0
AVENUE J,2018-03-03,3137.0,1388.0
AVENUE J,2018-03-04,3214.0,1551.0
AVENUE J,2018-03-05,6809.0,3106.0
AVENUE J,2018-03-06,6990.0,3219.0
AVENUE J,2018-03-07,4983.0,2493.0
AVENUE J,2018-03-08,6821.0,2996.0
AVENUE J,2018-03-09,6226.0,2727.0
AVENUE M,2018-03-03,2584.0,944.0
AVENUE M,2018-03-04,2636.0,1037.0
AVENUE M,2018-03-05,6838.0,2639.0
AVENUE M,2018-03-06,7009.0,2852.0
AVENUE M,2018-03-07,5206.0,2389.0
AVENUE M,2018-03-08,6876.0,2655.0
AVENUE M,2018-03-09,6365.0,2647.0
AVENUE N,2018-03-03,653.0,64.0
AVENUE N,2018-03-04,596.0,87.0
AVENUE N,2018-03-05,1846.0,149.0
AVENUE N,2018-03-06,1860.0,122.0
AVENUE N,2018-03-07,1531.0,132.0
AVENUE N,2018-03-08,1888.0,141.0
AVENUE N,2018-03-09,1787.0,116.0
AVENUE P,2018-03-03,586.0,80.0
AVENUE P,2018-03-04,516.0,86.0
AVENUE P,2018-03-05,1598.0,170.0
AVENUE P,2018-03-06,1651.0,153.0
AVENUE P,2018-03-07,1266.0,124.0
AVENUE P,2018-03-08,1548.0,136.0
AVENUE P,2018-03-09,1496.0,149.0
AVENUE U,2018-03-03,6814.0,2383.0
AVENUE U,2018-03-04,5713.0,2091.0
AVENUE U,2018-03-05,11216.0,3713.0
AVENUE U,2018-03-06,11331.0,3800.0
AVENUE U,2018-03-07,8550.0,3462.0
AVENUE U,2018-03-08,10841.0,3418.0
AVENUE U,2018-03-09,11119.0,3741.0
AVENUE X,2018-03-03,1204.0,764.0
AVENUE X,2018-03-04,1027.0,706.0
AVENUE X,2018-03-05,3113.0,2045.0
AVENUE X,2018-03-06,3226.0,2067.0
AVENUE X,2018-03-07,2429.0,1663.0
AVENUE X,2018-03-08,3001.0,1935.0
AVENUE X,2018-03-09,2943.0,1842.0
B'WAY-LAFAYETTE,2018-03-03,10449.0,13273.0
B'WAY-LAFAYETTE,2018-03-04,7737.0,8973.0
B'WAY-LAFAYETTE,2018-03-05,16842.0,24492.0
B'WAY-LAFAYETTE,2018-03-06,17885.0,26233.0
B'WAY-LAFAYETTE,2018-03-07,12817.0,17071.0
B'WAY-LAFAYETTE,2018-03-08,17483.0,26577.0
B'WAY-LAFAYETTE,2018-03-09,19091.0,28953.0
BAY 50 ST,2018-03-03,1510.0,225.0
BAY 50 ST,2018-03-04,1182.0,183.0
BAY 50 ST,2018-03-05,2813.0,671.0
BAY 50 ST,2018-03-06,2875.0,666.0
BAY 50 ST,2018-03-07,2145.0,576.0
BAY 50 ST,2018-03-08,3024.0,726.0
BAY 50 ST,2018-03-09,2758.0,661.0
BAY PKWY,2018-03-03,5500.0,4285.0
BAY PKWY,2018-03-04,3939.0,3459.0
BAY PKWY,2018-03-05,3070.0,8247.0
BAY PKWY,2018-03-06,8929.0,9363.0
BAY PKWY,2018-03-07,6825.0,7623.0
BAY PKWY,2018-03-08,8418.0,8592.0
BAY PKWY,2018-03-09,8515.0,8786.0
BAY RIDGE AV,2018-03-03,4150.0,1703.0
BAY RIDGE AV,2018-03-04,2934.0,1223.0
BAY RIDGE AV,2018-03-05,7405.0,3182.0
BAY RIDGE AV,2018-03-06,7629.0,3316.0
BAY RIDGE AV,2018-03-07,5809.0,2639.0
BAY RIDGE AV,2018-03-08,7559.0,3310.0
BAY RIDGE AV,2018-03-09,7584.0,3123.0
BAY RIDGE-95 ST,2018-03-03,2845.0,1642.0
BAY RIDGE-95 ST,2018-03-04,2173.0,1364.0
BAY RIDGE-95 ST,2018-03-05,6119.0,3561.0
BAY RIDGE-95 ST,2018-03-06,6344.0,3679.0
BAY RIDGE-95 ST,2018-03-07,4692.0,2820.0
BAY RIDGE-95 ST,2018-03-08,6147.0,3420.0
BAY RIDGE-95 ST,2018-03-09,5969.0,3233.0
BAYCHESTER AV,2018-03-03,1066.0,350.0
BAYCHESTER AV,2018-03-04,963.0,244.0
BAYCHESTER AV,2018-03-05,3915.0,533.0
BAYCHESTER AV,2018-03-06,4008.0,507.0
BAYCHESTER AV,2018-03-07,2424.0,418.0
BAYCHESTER AV,2018-03-08,3466.0,469.0
BAYCHESTER AV,2018-03-09,3858.0,598.0
BEACH 105 ST,2018-03-03,100.0,123.0
BEACH 105 ST,2018-03-04,58.0,75.0
BEACH 105 ST,2018-03-05,268.0,262.0
BEACH 105 ST,2018-03-06,233.0,281.0
BEACH 105 ST,2018-03-07,190.0,272.0
BEACH 105 ST,2018-03-08,294.0,295.0
BEACH 105 ST,2018-03-09,261.0,250.0
BEACH 25 ST,2018-03-03,941.0,871.0
BEACH 25 ST,2018-03-04,769.0,835.0
BEACH 25 ST,2018-03-05,2058.0,2174.0
BEACH 25 ST,2018-03-06,2183.0,2177.0
BEACH 25 ST,2018-03-07,1515.0,1508.0
BEACH 25 ST,2018-03-08,1970.0,2080.0
BEACH 25 ST,2018-03-09,2039.0,1943.0
BEACH 36 ST,2018-03-03,535.0,487.0
BEACH 36 ST,2018-03-04,376.0,404.0
BEACH 36 ST,2018-03-05,1012.0,997.0
BEACH 36 ST,2018-03-06,989.0,942.0
BEACH 36 ST,2018-03-07,710.0,701.0
BEACH 36 ST,2018-03-08,939.0,921.0
BEACH 36 ST,2018-03-09,976.0,901.0
BEACH 44 ST,2018-03-03,471.0,442.0
BEACH 44 ST,2018-03-04,305.0,348.0
BEACH 44 ST,2018-03-05,752.0,716.0
BEACH 44 ST,2018-03-06,755.0,768.0
BEACH 44 ST,2018-03-07,550.0,556.0
BEACH 44 ST,2018-03-08,692.0,680.0
BEACH 44 ST,2018-03-09,788.0,678.0
BEACH 60 ST,2018-03-03,1314.0,841.0
BEACH 60 ST,2018-03-04,991.0,711.0
BEACH 60 ST,2018-03-05,2316.0,1606.0
BEACH 60 ST,2018-03-06,2320.0,1595.0
BEACH 60 ST,2018-03-07,1701.0,1193.0
BEACH 60 ST,2018-03-08,2242.0,1486.0
BEACH 60 ST,2018-03-09,2321.0,1541.0
BEACH 67 ST,2018-03-03,1412.0,939.0
BEACH 67 ST,2018-03-04,1098.0,795.0
BEACH 67 ST,2018-03-05,2297.0,1630.0
BEACH 67 ST,2018-03-06,2381.0,1583.0
BEACH 67 ST,2018-03-07,1672.0,1241.0
BEACH 67 ST,2018-03-08,2289.0,1631.0
BEACH 67 ST,2018-03-09,2331.0,1529.0
BEACH 90 ST,2018-03-03,477.0,412.0
BEACH 90 ST,2018-03-04,299.0,262.0
BEACH 90 ST,2018-03-05,775.0,613.0
BEACH 90 ST,2018-03-06,836.0,532.0
BEACH 90 ST,2018-03-07,590.0,548.0
BEACH 90 ST,2018-03-08,797.0,533.0
BEACH 90 ST,2018-03-09,842.0,547.0
BEACH 98 ST,2018-03-03,269.0,241.0
BEACH 98 ST,2018-03-04,136.0,147.0
BEACH 98 ST,2018-03-05,521.0,462.0
BEACH 98 ST,2018-03-06,498.0,466.0
BEACH 98 ST,2018-03-07,364.0,462.0
BEACH 98 ST,2018-03-08,499.0,406.0
BEACH 98 ST,2018-03-09,518.0,422.0
BEDFORD AV,2018-03-03,24713.0,27980.0
BEDFORD AV,2018-03-04,19188.0,19895.0
BEDFORD AV,2018-03-05,25107.0,27451.0
BEDFORD AV,2018-03-06,26777.0,29307.0
BEDFORD AV,2018-03-07,17843.0,19262.0
BEDFORD AV,2018-03-08,26284.0,28540.0
BEDFORD AV,2018-03-09,27655.0,31635.0
BEDFORD PK BLVD,2018-03-03,6420.0,4058.0
BEDFORD PK BLVD,2018-03-04,4737.0,3175.0
BEDFORD PK BLVD,2018-03-05,12948.0,7719.0
BEDFORD PK BLVD,2018-03-06,13473.0,8231.0
BEDFORD PK BLVD,2018-03-07,9559.0,5917.0
BEDFORD PK BLVD,2018-03-08,13245.0,7639.0
BEDFORD PK BLVD,2018-03-09,13185.0,7437.0
BEDFORD-NOSTRAN,2018-03-03,5406.0,2983.0
BEDFORD-NOSTRAN,2018-03-04,4324.0,2563.0
BEDFORD-NOSTRAN,2018-03-05,9002.0,4555.0
BEDFORD-NOSTRAN,2018-03-06,9468.0,4920.0
BEDFORD-NOSTRAN,2018-03-07,7331.0,3882.0
BEDFORD-NOSTRAN,2018-03-08,9350.0,4585.0
BEDFORD-NOSTRAN,2018-03-09,9700.0,4492.0
BERGEN ST,2018-03-03,7451.0,5921.0
BERGEN ST,2018-03-04,5868.0,4584.0
BERGEN ST,2018-03-05,14167.0,8882.0
BERGEN ST,2018-03-06,14866.0,9320.0
BERGEN ST,2018-03-07,11441.0,7517.0
BERGEN ST,2018-03-08,14648.0,9113.0
BERGEN ST,2018-03-09,14657.0,9523.0
BEVERLEY ROAD,2018-03-03,2116.0,1859.0
BEVERLEY ROAD,2018-03-04,1701.0,1677.0
BEVERLEY ROAD,2018-03-05,3432.0,2695.0
BEVERLEY ROAD,2018-03-06,3500.0,2735.0
BEVERLEY ROAD,2018-03-07,2680.0,2297.0
BEVERLEY ROAD,2018-03-08,3445.0,2713.0
BEVERLEY ROAD,2018-03-09,3494.0,2585.0
BEVERLY RD,2018-03-03,2455.0,510.0
BEVERLY RD,2018-03-04,1745.0,393.0
BEVERLY RD,2018-03-05,4505.0,761.0
BEVERLY RD,2018-03-06,4592.0,796.0
BEVERLY RD,2018-03-07,3644.0,602.0
BEVERLY RD,2018-03-08,4559.0,782.0
BEVERLY RD,2018-03-09,4568.0,779.0
BLEECKER ST,2018-03-03,9448.0,6560.0
BLEECKER ST,2018-03-04,7279.0,4199.0
BLEECKER ST,2018-03-05,13933.0,5410.0
BLEECKER ST,2018-03-06,14814.0,5971.0
BLEECKER ST,2018-03-07,9857.0,4012.0
BLEECKER ST,2018-03-08,14796.0,5831.0
BLEECKER ST,2018-03-09,15495.0,6250.0
BOROUGH HALL,2018-03-03,15134.0,9058.0
BOROUGH HALL,2018-03-04,10794.0,6768.0
BOROUGH HALL,2018-03-05,39365.0,24332.0
BOROUGH HALL,2018-03-06,41235.0,25622.0
BOROUGH HALL,2018-03-07,27613.0,16730.0
BOROUGH HALL,2018-03-08,37953.0,23355.0
BOROUGH HALL,2018-03-09,37951.0,23672.0
BOTANIC GARDEN,2018-03-03,721.0,1396.0
BOTANIC GARDEN,2018-03-04,542.0,921.0
BOTANIC GARDEN,2018-03-05,1559.0,1824.0
BOTANIC GARDEN,2018-03-06,1585.0,1981.0
BOTANIC GARDEN,2018-03-07,1302.0,1507.0
BOTANIC GARDEN,2018-03-08,1590.0,1945.0
BOTANIC GARDEN,2018-03-09,1562.0,2066.0
BOWERY,2018-03-03,22.0,10.0
BOWERY,2018-03-04,2123.0,2021.0
BOWERY,2018-03-05,3293.0,2471.0
BOWERY,2018-03-06,3437.0,2623.0
BOWERY,2018-03-07,2240.0,1847.0
BOWERY,2018-03-08,3263.0,2713.0
BOWERY,2018-03-09,3541.0,2843.0
BOWLING GREEN,2018-03-03,9096.0,8271.0
BOWLING GREEN,2018-03-04,6654.0,6106.0
BOWLING GREEN,2018-03-05,30677.0,26200.0
BOWLING GREEN,2018-03-06,32519.0,27461.0
BOWLING GREEN,2018-03-07,19845.0,17089.0
BOWLING GREEN,2018-03-08,29896.0,25652.0
BOWLING GREEN,2018-03-09,30869.0,27243.0
BRIARWOOD,2018-03-03,2392.0,1407.0
BRIARWOOD,2018-03-04,1805.0,1052.0
BRIARWOOD,2018-03-05,5213.0,2492.0
BRIARWOOD,2018-03-06,5404.0,2558.0
BRIARWOOD,2018-03-07,3769.0,2014.0
BRIARWOOD,2018-03-08,5248.0,2527.0
BRIARWOOD,2018-03-09,5360.0,2477.0
BRIGHTON BEACH,2018-03-03,6151.0,3914.0
BRIGHTON BEACH,2018-03-04,5162.0,3346.0
BRIGHTON BEACH,2018-03-05,13703.0,8515.0
BRIGHTON BEACH,2018-03-06,14273.0,8890.0
BRIGHTON BEACH,2018-03-07,9707.0,6171.0
BRIGHTON BEACH,2018-03-08,13375.0,8410.0
BRIGHTON BEACH,2018-03-09,11544.0,7661.0
BROAD CHANNEL,2018-03-03,136.0,59.0
BROAD CHANNEL,2018-03-04,73.0,41.0
BROAD CHANNEL,2018-03-05,300.0,72.0
BROAD CHANNEL,2018-03-06,306.0,49.0
BROAD CHANNEL,2018-03-07,206.0,81.0
BROAD CHANNEL,2018-03-08,297.0,61.0
BROAD CHANNEL,2018-03-09,298.0,45.0
BROAD ST,2018-03-03,203.0,89.0
BROAD ST,2018-03-04,1032.0,580.0
BROAD ST,2018-03-05,6512.0,2409.0
BROAD ST,2018-03-06,6664.0,2336.0
BROAD ST,2018-03-07,5066.0,1722.0
BROAD ST,2018-03-08,6467.0,2355.0
BROAD ST,2018-03-09,6456.0,2355.0
BROADWAY,2018-03-03,12633.0,8917.0
BROADWAY,2018-03-04,9502.0,7449.0
BROADWAY,2018-03-05,21756.0,13454.0
BROADWAY,2018-03-06,22967.0,12737.0
BROADWAY,2018-03-07,16686.0,10851.0
BROADWAY,2018-03-08,22367.0,13678.0
BROADWAY,2018-03-09,22175.0,13206.0
BROADWAY JCT,2018-03-03,12746.0,8201.0
BROADWAY JCT,2018-03-04,9475.0,5010.0
BROADWAY JCT,2018-03-05,8898.0,7447.0
BROADWAY JCT,2018-03-06,9099.0,7818.0
BROADWAY JCT,2018-03-07,6897.0,6117.0
BROADWAY JCT,2018-03-08,8799.0,7384.0
BROADWAY JCT,2018-03-09,9123.0,7860.0
BRONX PARK EAST,2018-03-03,1012.0,509.0
BRONX PARK EAST,2018-03-04,725.0,446.0
BRONX PARK EAST,2018-03-05,2561.0,903.0
BRONX PARK EAST,2018-03-06,2589.0,1000.0
BRONX PARK EAST,2018-03-07,1838.0,710.0
BRONX PARK EAST,2018-03-08,2521.0,929.0
BRONX PARK EAST,2018-03-09,2514.0,968.0
BROOK AV,2018-03-03,3637.0,3112.0
BROOK AV,2018-03-04,2716.0,2466.0
BROOK AV,2018-03-05,5878.0,4794.0
BROOK AV,2018-03-06,6095.0,4766.0
BROOK AV,2018-03-07,4806.0,4133.0
BROOK AV,2018-03-08,6043.0,4619.0
BROOK AV,2018-03-09,6243.0,4940.0
BROOKLYN BRIDGE,2018-03-03,5854.0,5747.0
BROOKLYN BRIDGE,2018-03-04,4490.0,4379.0
BROOKLYN BRIDGE,2018-03-05,16918.0,16388.0
BROOKLYN BRIDGE,2018-03-06,18349.0,17220.0
BROOKLYN BRIDGE,2018-03-07,10771.0,11065.0
BROOKLYN BRIDGE,2018-03-08,16563.0,15926.0
BROOKLYN BRIDGE,2018-03-09,16007.0,15661.0
BUHRE AV,2018-03-03,1486.0,1413.0
BUHRE AV,2018-03-04,1056.0,1082.0
BUHRE AV,2018-03-05,3825.0,3102.0
BUHRE AV,2018-03-06,3980.0,3231.0
BUHRE AV,2018-03-07,2730.0,2602.0
BUHRE AV,2018-03-08,3645.0,2980.0
BUHRE AV,2018-03-09,3805.0,3051.0
BURKE AV,2018-03-03,1524.0,989.0
BURKE AV,2018-03-04,1139.0,869.0
BURKE AV,2018-03-05,3176.0,1087.0
BURKE AV,2018-03-06,3422.0,1144.0
BURKE AV,2018-03-07,2457.0,972.0
BURKE AV,2018-03-08,3203.0,1022.0
BURKE AV,2018-03-09,3310.0,1169.0
BURNSIDE AV,2018-03-03,6405.0,4978.0
BURNSIDE AV,2018-03-04,4466.0,3658.0
BURNSIDE AV,2018-03-05,11317.0,5758.0
BURNSIDE AV,2018-03-06,11556.0,5808.0
BURNSIDE AV,2018-03-07,7768.0,3603.0
BURNSIDE AV,2018-03-08,11175.0,4843.0
BURNSIDE AV,2018-03-09,10773.0,5481.0
BUSHWICK AV,2018-03-03,1713.0,1188.0
BUSHWICK AV,2018-03-04,1234.0,965.0
BUSHWICK AV,2018-03-05,2069.0,1451.0
BUSHWICK AV,2018-03-06,2192.0,1509.0
BUSHWICK AV,2018-03-07,1637.0,1071.0
BUSHWICK AV,2018-03-08,2127.0,1334.0
BUSHWICK AV,2018-03-09,2281.0,1426.0
CANAL ST,2018-03-03,36582.0,37296.0
CANAL ST,2018-03-04,29394.0,28486.0
CANAL ST,2018-03-05,59330.0,50400.0
CANAL ST,2018-03-06,62338.0,53656.0
CANAL ST,2018-03-07,40696.0,34695.0
CANAL ST,2018-03-08,57894.0,51487.0
CANAL ST,2018-03-09,63644.0,56549.0
CANARSIE-ROCKAW,2018-03-03,5816.0,1501.0
CANARSIE-ROCKAW,2018-03-04,4318.0,1095.0
CANARSIE-ROCKAW,2018-03-05,12261.0,2136.0
CANARSIE-ROCKAW,2018-03-06,12641.0,2370.0
CANARSIE-ROCKAW,2018-03-07,9539.0,2523.0
CANARSIE-ROCKAW,2018-03-08,11966.0,2090.0
CANARSIE-ROCKAW,2018-03-09,12109.0,2255.0
CARROLL ST,2018-03-03,5201.0,2728.0
CARROLL ST,2018-03-04,3965.0,2149.0
CARROLL ST,2018-03-05,11966.0,5032.0
CARROLL ST,2018-03-06,12618.0,4977.0
CARROLL ST,2018-03-07,9791.0,4253.0
CARROLL ST,2018-03-08,12679.0,5068.0
CARROLL ST,2018-03-09,12279.0,5135.0
CASTLE HILL AV,2018-03-03,3685.0,3715.0
CASTLE HILL AV,2018-03-04,2723.0,2858.0
CASTLE HILL AV,2018-03-05,6984.0,6072.0
CASTLE HILL AV,2018-03-06,7202.0,6430.0
CASTLE HILL AV,2018-03-07,5249.0,4928.0
CASTLE HILL AV,2018-03-08,6902.0,6195.0
CASTLE HILL AV,2018-03-09,7198.0,6558.0
CATHEDRAL PKWY,2018-03-03,9784.0,4807.0
CATHEDRAL PKWY,2018-03-04,8023.0,4760.0
CATHEDRAL PKWY,2018-03-05,17580.0,8838.0
CATHEDRAL PKWY,2018-03-06,18366.0,9217.0
CATHEDRAL PKWY,2018-03-07,13382.0,7431.0
CATHEDRAL PKWY,2018-03-08,18600.0,9112.0
CATHEDRAL PKWY,2018-03-09,18951.0,9126.0
CENTRAL PK N110,2018-03-03,5685.0,4140.0
CENTRAL PK N110,2018-03-04,4290.0,3647.0
CENTRAL PK N110,2018-03-05,8105.0,6673.0
CENTRAL PK N110,2018-03-06,8909.0,7121.0
CENTRAL PK N110,2018-03-07,6548.0,5200.0
CENTRAL PK N110,2018-03-08,8606.0,6720.0
CENTRAL PK N110,2018-03-09,8883.0,6994.0
CHAMBERS ST,2018-03-03,18127.0,14830.0
CHAMBERS ST,2018-03-04,13287.0,11684.0
CHAMBERS ST,2018-03-05,68229.0,41756.0
CHAMBERS ST,2018-03-06,72186.0,44974.0
CHAMBERS ST,2018-03-07,48803.0,30184.0
CHAMBERS ST,2018-03-08,66702.0,42175.0
CHAMBERS ST,2018-03-09,63718.0,41058.0
CHAUNCEY ST,2018-03-03,1822.0,707.0
CHAUNCEY ST,2018-03-04,1492.0,599.0
CHAUNCEY ST,2018-03-05,3500.0,1391.0
CHAUNCEY ST,2018-03-06,3666.0,1405.0
CHAUNCEY ST,2018-03-07,2730.0,1264.0
CHAUNCEY ST,2018-03-08,3580.0,1322.0
CHAUNCEY ST,2018-03-09,3630.0,1361.0
CHRISTOPHER ST,2018-03-03,9263.0,10198.0
CHRISTOPHER ST,2018-03-04,7343.0,6779.0
CHRISTOPHER ST,2018-03-05,12900.0,11950.0
CHRISTOPHER ST,2018-03-06,13821.0,13226.0
CHRISTOPHER ST,2018-03-07,8191.0,7953.0
CHRISTOPHER ST,2018-03-08,13230.0,12471.0
CHRISTOPHER ST,2018-03-09,14279.0,14386.0
CHURCH AV,2018-03-03,21298.0,14052.0
CHURCH AV,2018-03-04,16111.0,11756.0
CHURCH AV,2018-03-05,37061.0,24479.0
CHURCH AV,2018-03-06,38450.0,24812.0
CHURCH AV,2018-03-07,28794.0,19100.0
CHURCH AV,2018-03-08,36860.0,24345.0
CHURCH AV,2018-03-09,37892.0,24106.0
CITY / BUS,2018-03-03,8813.0,8070.0
CITY / BUS,2018-03-04,5787.0,5443.0
CITY / BUS,2018-03-05,18661.0,17409.0
CITY / BUS,2018-03-06,18788.0,17924.0
CITY / BUS,2018-03-07,9773.0,10668.0
CITY / BUS,2018-03-08,17515.0,15190.0
CITY / BUS,2018-03-09,18934.0,16749.0
CITY HALL,2018-03-03,2421.0,1617.0
CITY HALL,2018-03-04,1794.0,1335.0
CITY HALL,2018-03-05,7105.0,3981.0
CITY HALL,2018-03-06,7636.0,4137.0
CITY HALL,2018-03-07,4930.0,2712.0
CITY HALL,2018-03-08,7150.0,3841.0
CITY HALL,2018-03-09,6677.0,3409.0
CLARK ST,2018-03-03,0.0,2.0
CLARK ST,2018-03-04,0.0,7.0
CLARK ST,2018-03-05,4926.0,2394.0
CLARK ST,2018-03-06,5421.0,2456.0
CLARK ST,2018-03-07,3921.0,1913.0
CLARK ST,2018-03-08,5356.0,2485.0
CLARK ST,2018-03-09,5328.0,2487.0
CLASSON AV,2018-03-03,2899.0,2581.0
CLASSON AV,2018-03-04,2177.0,2208.0
CLASSON AV,2018-03-05,5323.0,5084.0
CLASSON AV,2018-03-06,5561.0,5318.0
CLASSON AV,2018-03-07,4310.0,4189.0
CLASSON AV,2018-03-08,5679.0,5162.0
CLASSON AV,2018-03-09,5849.0,5130.0
CLEVELAND ST,2018-03-03,20.0,120.0
CLEVELAND ST,2018-03-04,0.0,0.0
CLEVELAND ST,2018-03-05,3114.0,2664.0
CLEVELAND ST,2018-03-06,3161.0,2749.0
CLEVELAND ST,2018-03-07,2336.0,2324.0
CLEVELAND ST,2018-03-08,3040.0,2623.0
CLEVELAND ST,2018-03-09,3112.0,2805.0
CLINTON-WASH AV,2018-03-03,6851.0,3881.0
CLINTON-WASH AV,2018-03-04,4857.0,2857.0
CLINTON-WASH AV,2018-03-05,12111.0,5794.0
CLINTON-WASH AV,2018-03-06,12831.0,5803.0
CLINTON-WASH AV,2018-03-07,9836.0,5159.0
CLINTON-WASH AV,2018-03-08,12826.0,5757.0
CLINTON-WASH AV,2018-03-09,12675.0,5982.0
CONEY IS-STILLW,2018-03-03,6952.0,6063.0
CONEY IS-STILLW,2018-03-04,5681.0,5394.0
CONEY IS-STILLW,2018-03-05,11228.0,9349.0
CONEY IS-STILLW,2018-03-06,11877.0,9890.0
CONEY IS-STILLW,2018-03-07,-3785435.0,-6171560.0
CONEY IS-STILLW,2018-03-08,11078.0,9113.0
CONEY IS-STILLW,2018-03-09,11286.0,9645.0
CORTELYOU RD,2018-03-03,4268.0,1206.0
CORTELYOU RD,2018-03-04,3347.0,1047.0
CORTELYOU RD,2018-03-05,6475.0,1954.0
CORTELYOU RD,2018-03-06,6702.0,1901.0
CORTELYOU RD,2018-03-07,5028.0,1543.0
CORTELYOU RD,2018-03-08,6709.0,1844.0
CORTELYOU RD,2018-03-09,6619.0,1811.0
CORTLANDT ST,2018-03-03,9269.0,7563.0
CORTLANDT ST,2018-03-04,7140.0,6006.0
CORTLANDT ST,2018-03-05,18791.0,14826.0
CORTLANDT ST,2018-03-06,18701.0,15324.0
CORTLANDT ST,2018-03-07,12357.0,10937.0
CORTLANDT ST,2018-03-08,17908.0,14239.0
CORTLANDT ST,2018-03-09,19822.0,14369.0
COURT SQ,2018-03-03,7113.0,5819.0
COURT SQ,2018-03-04,4787.0,4237.0
COURT SQ,2018-03-05,16629.0,16399.0
COURT SQ,2018-03-06,17439.0,17314.0
COURT SQ,2018-03-07,10828.0,11173.0
COURT SQ,2018-03-08,16551.0,16342.0
COURT SQ,2018-03-09,15207.0,15352.0
COURT SQ-23 ST,2018-03-03,6581.0,1459.0
COURT SQ-23 ST,2018-03-04,5158.0,1034.0
COURT SQ-23 ST,2018-03-05,8492.0,2630.0
COURT SQ-23 ST,2018-03-06,8908.0,2631.0
COURT SQ-23 ST,2018-03-07,6562.0,2167.0
COURT SQ-23 ST,2018-03-08,8697.0,2839.0
COURT SQ-23 ST,2018-03-09,8850.0,2743.0
CRESCENT ST,2018-03-03,52.0,216.0
CRESCENT ST,2018-03-04,0.0,1.0
CRESCENT ST,2018-03-05,4658.0,4244.0
CRESCENT ST,2018-03-06,4652.0,4443.0
CRESCENT ST,2018-03-07,3559.0,3564.0
CRESCENT ST,2018-03-08,4507.0,4629.0
CRESCENT ST,2018-03-09,4705.0,4560.0
CROWN HTS-UTICA,2018-03-03,13669.0,9323.0
CROWN HTS-UTICA,2018-03-04,9688.0,7152.0
CROWN HTS-UTICA,2018-03-05,27094.0,19254.0
CROWN HTS-UTICA,2018-03-06,27983.0,19525.0
CROWN HTS-UTICA,2018-03-07,20651.0,14935.0
CROWN HTS-UTICA,2018-03-08,26454.0,18496.0
CROWN HTS-UTICA,2018-03-09,27689.0,19354.0
CYPRESS AV,2018-03-03,1908.0,1263.0
CYPRESS AV,2018-03-04,1420.0,931.0
CYPRESS AV,2018-03-05,3716.0,2292.0
CYPRESS AV,2018-03-06,3737.0,2250.0
CYPRESS AV,2018-03-07,2745.0,1748.0
CYPRESS AV,2018-03-08,3719.0,2237.0
CYPRESS AV,2018-03-09,3765.0,2360.0
CYPRESS HILLS,2018-03-03,0.0,12.0
CYPRESS HILLS,2018-03-04,1.0,15.0
CYPRESS HILLS,2018-03-05,1541.0,941.0
CYPRESS HILLS,2018-03-06,1643.0,982.0
CYPRESS HILLS,2018-03-07,1229.0,742.0
CYPRESS HILLS,2018-03-08,1521.0,1021.0
CYPRESS HILLS,2018-03-09,1609.0,933.0
DEKALB AV,2018-03-03,18539.0,8400.0
DEKALB AV,2018-03-04,14659.0,6308.0
DEKALB AV,2018-03-05,32277.0,12587.0
DEKALB AV,2018-03-06,33676.0,12555.0
DEKALB AV,2018-03-07,23132.0,9095.0
DEKALB AV,2018-03-08,31158.0,12238.0
DEKALB AV,2018-03-09,32457.0,11902.0
DELANCEY/ESSEX,2018-03-03,14951.0,12784.0
DELANCEY/ESSEX,2018-03-04,11897.0,9052.0
DELANCEY/ESSEX,2018-03-05,20942.0,15954.0
DELANCEY/ESSEX,2018-03-06,21835.0,16057.0
DELANCEY/ESSEX,2018-03-07,16779.0,12633.0
DELANCEY/ESSEX,2018-03-08,21512.0,16635.0
DELANCEY/ESSEX,2018-03-09,23511.0,18549.0
DITMAS AV,2018-03-03,1449.0,764.0
DITMAS AV,2018-03-04,1581.0,865.0
DITMAS AV,2018-03-05,4014.0,1771.0
DITMAS AV,2018-03-06,4059.0,1734.0
DITMAS AV,2018-03-07,3392.0,1654.0
DITMAS AV,2018-03-08,4046.0,1725.0
DITMAS AV,2018-03-09,3845.0,1693.0
DYCKMAN ST,2018-03-03,8863.0,2801.0
DYCKMAN ST,2018-03-04,6860.0,2519.0
DYCKMAN ST,2018-03-05,13276.0,4006.0
DYCKMAN ST,2018-03-06,14226.0,4082.0
DYCKMAN ST,2018-03-07,10261.0,2930.0
DYCKMAN ST,2018-03-08,13838.0,3752.0
DYCKMAN ST,2018-03-09,14204.0,3891.0
E 143/ST MARY'S,2018-03-03,434.0,482.0
E 143/ST MARY'S,2018-03-04,366.0,404.0
E 143/ST MARY'S,2018-03-05,1078.0,1200.0
E 143/ST MARY'S,2018-03-06,1098.0,1291.0
E 143/ST MARY'S,2018-03-07,873.0,897.0
E 143/ST MARY'S,2018-03-08,1056.0,1092.0
E 143/ST MARY'S,2018-03-09,1041.0,1204.0
E 149 ST,2018-03-03,2747.0,2249.0
E 149 ST,2018-03-04,2082.0,1964.0
E 149 ST,2018-03-05,4861.0,3873.0
E 149 ST,2018-03-06,5019.0,4055.0
E 149 ST,2018-03-07,3740.0,3305.0
E 149 ST,2018-03-08,4800.0,3751.0
E 149 ST,2018-03-09,5014.0,4127.0
E 180 ST,2018-03-03,4163.0,3686.0
E 180 ST,2018-03-04,2740.0,2898.0
E 180 ST,2018-03-05,7191.0,4860.0
E 180 ST,2018-03-06,7390.0,5136.0
E 180 ST,2018-03-07,5263.0,4077.0
E 180 ST,2018-03-08,6917.0,4632.0
E 180 ST,2018-03-09,7211.0,4828.0
EAST 105 ST,2018-03-03,1822.0,1617.0
EAST 105 ST,2018-03-04,1385.0,1207.0
EAST 105 ST,2018-03-05,3960.0,3187.0
EAST 105 ST,2018-03-06,4017.0,3329.0
EAST 105 ST,2018-03-07,2962.0,2637.0
EAST 105 ST,2018-03-08,3854.0,3039.0
EAST 105 ST,2018-03-09,3835.0,3271.0
EAST BROADWAY,2018-03-03,9260.0,5228.0
EAST BROADWAY,2018-03-04,7784.0,4486.0
EAST BROADWAY,2018-03-05,14519.0,6438.0
EAST BROADWAY,2018-03-06,15170.0,8742.0
EAST BROADWAY,2018-03-07,11470.0,6755.0
EAST BROADWAY,2018-03-08,12350.0,7424.0
EASTCHSTER/DYRE,2018-03-03,1060.0,1598.0
EASTCHSTER/DYRE,2018-03-04,1003.0,1281.0
EASTCHSTER/DYRE,2018-03-05,3879.0,4061.0
EASTCHSTER/DYRE,2018-03-06,4016.0,4182.0
EASTCHSTER/DYRE,2018-03-07,2706.0,2995.0
EASTCHSTER/DYRE,2018-03-08,3910.0,3893.0
EASTCHSTER/DYRE,2018-03-09,4038.0,4225.0
EASTN PKWY-MUSM,2018-03-03,5789.0,5386.0
EASTN PKWY-MUSM,2018-03-04,3058.0,3031.0
EASTN PKWY-MUSM,2018-03-05,4081.0,3808.0
EASTN PKWY-MUSM,2018-03-06,4562.0,4301.0
EASTN PKWY-MUSM,2018-03-07,4103.0,3621.0
EASTN PKWY-MUSM,2018-03-08,5511.0,5059.0
EASTN PKWY-MUSM,2018-03-09,5522.0,4760.0
ELDER AV,2018-03-03,3993.0,3323.0
ELDER AV,2018-03-04,2984.0,2672.0
ELDER AV,2018-03-05,6552.0,5153.0
ELDER AV,2018-03-06,6549.0,5121.0
ELDER AV,2018-03-07,5016.0,4529.0
ELDER AV,2018-03-08,6493.0,5107.0
ELDER AV,2018-03-09,6384.0,5203.0
ELMHURST AV,2018-03-03,8228.0,1980.0
ELMHURST AV,2018-03-04,6955.0,1720.0
ELMHURST AV,2018-03-05,13016.0,2461.0
ELMHURST AV,2018-03-06,13301.0,2643.0
ELMHURST AV,2018-03-07,10774.0,2206.0
ELMHURST AV,2018-03-08,13025.0,2496.0
ELMHURST AV,2018-03-09,13328.0,2521.0
EUCLID AV,2018-03-03,6210.0,2099.0
EUCLID AV,2018-03-04,4791.0,1770.0
EUCLID AV,2018-03-05,11041.0,2993.0
EUCLID AV,2018-03-06,11399.0,3206.0
EUCLID AV,2018-03-07,8428.0,2465.0
EUCLID AV,2018-03-08,10743.0,2944.0
EUCLID AV,2018-03-09,11163.0,3087.0
EXCHANGE PLACE,2018-03-03,4013.0,3344.0
EXCHANGE PLACE,2018-03-04,3052.0,3142.0
EXCHANGE PLACE,2018-03-05,17739.0,16981.0
EXCHANGE PLACE,2018-03-06,18307.0,17841.0
EXCHANGE PLACE,2018-03-07,8685.0,8560.0
EXCHANGE PLACE,2018-03-08,15750.0,14528.0
EXCHANGE PLACE,2018-03-09,16927.0,15748.0
FAR ROCKAWAY,2018-03-03,2668.0,2544.0
FAR ROCKAWAY,2018-03-04,2067.0,2250.0
FAR ROCKAWAY,2018-03-05,4943.0,4746.0
FAR ROCKAWAY,2018-03-06,5065.0,4859.0
FAR ROCKAWAY,2018-03-07,3326.0,3525.0
FAR ROCKAWAY,2018-03-08,4700.0,4544.0
FAR ROCKAWAY,2018-03-09,4985.0,4747.0
FLATBUSH AV-B.C,2018-03-03,7038.0,3503.0
FLATBUSH AV-B.C,2018-03-04,5080.0,2774.0
FLATBUSH AV-B.C,2018-03-05,17475.0,8979.0
FLATBUSH AV-B.C,2018-03-06,18261.0,9417.0
FLATBUSH AV-B.C,2018-03-07,13398.0,7436.0
FLATBUSH AV-B.C,2018-03-08,17331.0,8712.0
FLATBUSH AV-B.C,2018-03-09,16311.0,8200.0
FLUSHING AV,2018-03-03,4834.0,3003.0
FLUSHING AV,2018-03-04,4132.0,2909.0
FLUSHING AV,2018-03-05,11408.0,7252.0
FLUSHING AV,2018-03-06,11891.0,7360.0
FLUSHING AV,2018-03-07,8774.0,6160.0
FLUSHING AV,2018-03-08,11210.0,6960.0
FLUSHING AV,2018-03-09,11667.0,7056.0
FLUSHING-MAIN,2018-03-03,35423.0,28944.0
FLUSHING-MAIN,2018-03-04,27843.0,23073.0
FLUSHING-MAIN,2018-03-05,57661.0,46976.0
FLUSHING-MAIN,2018-03-06,58904.0,47006.0
FLUSHING-MAIN,2018-03-07,40528.0,32114.0
FLUSHING-MAIN,2018-03-08,55970.0,44542.0
FLUSHING-MAIN,2018-03-09,57696.0,45081.0
FORDHAM RD,2018-03-03,14859.0,5140.0
FORDHAM RD,2018-03-04,10598.0,3846.0
FORDHAM RD,2018-03-05,23480.0,7216.0
FORDHAM RD,2018-03-06,23990.0,7215.0
FORDHAM RD,2018-03-07,15903.0,5342.0
FORDHAM RD,2018-03-08,22888.0,7043.0
FORDHAM RD,2018-03-09,23531.0,7129.0
FOREST AVE,2018-03-03,973.0,851.0
FOREST AVE,2018-03-04,718.0,684.0
FOREST AVE,2018-03-05,2118.0,1508.0
FOREST AVE,2018-03-06,2155.0,1669.0
FOREST AVE,2018-03-07,1800.0,1620.0
FOREST AVE,2018-03-08,2111.0,1577.0
FOREST AVE,2018-03-09,2100.0,1503.0
FOREST HILLS 71,2018-03-03,12629.0,5976.0
FOREST HILLS 71,2018-03-04,10127.0,5112.0
FOREST HILLS 71,2018-03-05,26994.0,12568.0
FOREST HILLS 71,2018-03-06,27829.0,13044.0
FOREST HILLS 71,2018-03-07,19667.0,10000.0
FOREST HILLS 71,2018-03-08,26495.0,12060.0
FOREST HILLS 71,2018-03-09,26791.0,12250.0
FRANKLIN AV,2018-03-03,7854.0,6746.0
FRANKLIN AV,2018-03-04,6140.0,6246.0
FRANKLIN AV,2018-03-05,13490.0,12048.0
FRANKLIN AV,2018-03-06,13935.0,11843.0
FRANKLIN AV,2018-03-07,9958.0,9615.0
FRANKLIN AV,2018-03-08,13505.0,11519.0
FRANKLIN AV,2018-03-09,13918.0,11836.0
FRANKLIN ST,2018-03-03,2241.0,1360.0
FRANKLIN ST,2018-03-04,1851.0,966.0
FRANKLIN ST,2018-03-05,5166.0,2893.0
FRANKLIN ST,2018-03-06,5726.0,3179.0
FRANKLIN ST,2018-03-07,4016.0,2089.0
FRANKLIN ST,2018-03-08,5434.0,2844.0
FRANKLIN ST,2018-03-09,5748.0,2747.0
FREEMAN ST,2018-03-03,2385.0,1875.0
FREEMAN ST,2018-03-04,1897.0,1703.0
FREEMAN ST,2018-03-05,4681.0,3114.0
FREEMAN ST,2018-03-06,4769.0,3263.0
FREEMAN ST,2018-03-07,3442.0,2687.0
FREEMAN ST,2018-03-08,4537.0,2989.0
FREEMAN ST,2018-03-09,4828.0,3197.0
FRESH POND RD,2018-03-03,1833.0,1777.0
FRESH POND RD,2018-03-04,1342.0,1403.0
FRESH POND RD,2018-03-05,3629.0,3524.0
FRESH POND RD,2018-03-06,3720.0,3730.0
FRESH POND RD,2018-03-07,2986.0,3421.0
FRESH POND RD,2018-03-08,3703.0,3341.0
FRESH POND RD,2018-03-09,3673.0,3633.0
FT HAMILTON PKY,2018-03-03,6715.0,2298.0
FT HAMILTON PKY,2018-03-04,5518.0,2344.0
FT HAMILTON PKY,2018-03-05,14252.0,4377.0
FT HAMILTON PKY,2018-03-06,14813.0,4314.0
FT HAMILTON PKY,2018-03-07,11726.0,4167.0
FT HAMILTON PKY,2018-03-08,14343.0,4240.0
FT HAMILTON PKY,2018-03-09,14132.0,4318.0
FULTON ST,2018-03-03,35448.0,26475.0
FULTON ST,2018-03-04,27778.0,21916.0
FULTON ST,2018-03-05,90647.0,77860.0
FULTON ST,2018-03-06,94982.0,82106.0
FULTON ST,2018-03-07,66328.0,56919.0
FULTON ST,2018-03-08,90218.0,78276.0
FULTON ST,2018-03-09,95489.0,79494.0
GATES AV,2018-03-03,3937.0,1216.0
GATES AV,2018-03-04,3157.0,1209.0
GATES AV,2018-03-05,7750.0,2622.0
GATES AV,2018-03-06,7873.0,2565.0
GATES AV,2018-03-07,5928.0,2333.0
GATES AV,2018-03-08,7702.0,2319.0
GATES AV,2018-03-09,7939.0,2436.0
GRAHAM AV,2018-03-03,6789.0,5389.0
GRAHAM AV,2018-03-04,5015.0,4308.0
GRAHAM AV,2018-03-05,9864.0,6663.0
GRAHAM AV,2018-03-06,10631.0,6785.0
GRAHAM AV,2018-03-07,8143.0,5935.0
GRAHAM AV,2018-03-08,10530.0,6537.0
GRAHAM AV,2018-03-09,10707.0,7234.0
GRAND ARMY PLAZ,2018-03-03,3846.0,1515.0
GRAND ARMY PLAZ,2018-03-04,2732.0,1069.0
GRAND ARMY PLAZ,2018-03-05,7549.0,2592.0
GRAND ARMY PLAZ,2018-03-06,7833.0,2712.0
GRAND ARMY PLAZ,2018-03-07,5661.0,2085.0
GRAND ARMY PLAZ,2018-03-08,7773.0,2601.0
GRAND ARMY PLAZ,2018-03-09,7503.0,2554.0
GRAND ST,2018-03-03,21451.0,13834.0
GRAND ST,2018-03-04,17096.0,10550.0
GRAND ST,2018-03-05,31765.0,20268.0
GRAND ST,2018-03-06,33191.0,21643.0
GRAND ST,2018-03-07,21357.0,14777.0
GRAND ST,2018-03-08,31204.0,19863.0
GRAND ST,2018-03-09,34187.0,23364.0
GRAND-NEWTOWN,2018-03-03,8524.0,5403.0
GRAND-NEWTOWN,2018-03-04,6480.0,4419.0
GRAND-NEWTOWN,2018-03-05,13321.0,8308.0
GRAND-NEWTOWN,2018-03-06,11995.0,9369.0
GRAND-NEWTOWN,2018-03-07,10987.0,7378.0
GRAND-NEWTOWN,2018-03-08,-2015773.0,-118130.0
GRAND-NEWTOWN,2018-03-09,14518.0,9278.0
GRANT AV,2018-03-03,3700.0,2894.0
GRANT AV,2018-03-04,2819.0,2415.0
GRANT AV,2018-03-05,6487.0,4810.0
GRANT AV,2018-03-06,6674.0,4708.0
GRANT AV,2018-03-07,4858.0,3683.0
GRANT AV,2018-03-08,6323.0,4578.0
GRANT AV,2018-03-09,6535.0,4344.0
GRD CNTRL-42 ST,2018-03-03,44730.0,48945.0
GRD CNTRL-42 ST,2018-03-04,33985.0,35860.0
GRD CNTRL-42 ST,2018-03-05,139224.0,123801.0
GRD CNTRL-42 ST,2018-03-06,147214.0,128826.0
GRD CNTRL-42 ST,2018-03-07,96954.0,80091.0
GRD CNTRL-42 ST,2018-03-08,132620.0,119896.0
GRD CNTRL-42 ST,2018-03-09,143439.0,129887.0
GREENPOINT AV,2018-03-03,5802.0,4201.0
GREENPOINT AV,2018-03-04,4194.0,2879.0
GREENPOINT AV,2018-03-05,9706.0,6736.0
GREENPOINT AV,2018-03-06,10073.0,6981.0
GREENPOINT AV,2018-03-07,8172.0,5703.0
GREENPOINT AV,2018-03-08,10244.0,6868.0
GREENPOINT AV,2018-03-09,10266.0,7328.0
GROVE STREET,2018-03-03,9480.0,8499.0
GROVE STREET,2018-03-04,6866.0,7581.0
GROVE STREET,2018-03-05,20290.0,19395.0
GROVE STREET,2018-03-06,21455.0,19260.0
GROVE STREET,2018-03-07,11252.0,10653.0
GROVE STREET,2018-03-08,19759.0,17836.0
GROVE STREET,2018-03-09,20801.0,18654.0
GUN HILL RD,2018-03-03,5787.0,5335.0
GUN HILL RD,2018-03-04,4353.0,4098.0
GUN HILL RD,2018-03-05,12685.0,8325.0
GUN HILL RD,2018-03-06,13300.0,8576.0
GUN HILL RD,2018-03-07,8968.0,6302.0
GUN HILL RD,2018-03-08,12449.0,7900.0
GUN HILL RD,2018-03-09,12853.0,10104.0
HALSEY ST,2018-03-03,9513.0,4593.0
HALSEY ST,2018-03-04,7550.0,3992.0
HALSEY ST,2018-03-05,15913.0,7682.0
HALSEY ST,2018-03-06,16679.0,7919.0
HALSEY ST,2018-03-07,12876.0,6414.0
HALSEY ST,2018-03-08,15976.0,7452.0
HALSEY ST,2018-03-09,16498.0,7829.0
HARLEM 148 ST,2018-03-03,2342.0,2073.0
HARLEM 148 ST,2018-03-04,1807.0,1714.0
HARLEM 148 ST,2018-03-05,4100.0,3444.0
HARLEM 148 ST,2018-03-06,4242.0,3723.0
HARLEM 148 ST,2018-03-07,3179.0,2735.0
HARLEM 148 ST,2018-03-08,4137.0,3519.0
HARLEM 148 ST,2018-03-09,4174.0,3471.0
HARRISON,2018-03-03,2764.0,2574.0
HARRISON,2018-03-04,4061.0,4158.0
HARRISON,2018-03-05,8719.0,6646.0
HARRISON,2018-03-06,9122.0,8646.0
HARRISON,2018-03-07,3312.0,3370.0
HARRISON,2018-03-08,7031.0,6598.0
HARRISON,2018-03-09,8488.0,8195.0
HEWES ST,2018-03-03,1074.0,444.0
HEWES ST,2018-03-04,1188.0,563.0
HEWES ST,2018-03-05,2964.0,1514.0
HEWES ST,2018-03-06,3085.0,1513.0
HEWES ST,2018-03-07,2403.0,1348.0
HEWES ST,2018-03-08,3040.0,1479.0
HEWES ST,2018-03-09,3234.0,1468.0
HIGH ST,2018-03-03,7433.0,4223.0
HIGH ST,2018-03-04,5788.0,3134.0
HIGH ST,2018-03-05,9690.0,6151.0
HIGH ST,2018-03-06,10079.0,6692.0
HIGH ST,2018-03-07,6507.0,4158.0
HIGH ST,2018-03-08,9469.0,6241.0
HIGH ST,2018-03-09,9641.0,6299.0
HOUSTON ST,2018-03-03,3819.0,3748.0
HOUSTON ST,2018-03-04,2810.0,2497.0
HOUSTON ST,2018-03-05,13567.0,8602.0
HOUSTON ST,2018-03-06,14503.0,9197.0
HOUSTON ST,2018-03-07,10059.0,6081.0
HOUSTON ST,2018-03-08,14344.0,9807.0
HOUSTON ST,2018-03-09,14255.0,9515.0
HOWARD BCH JFK,2018-03-03,2276.0,3470.0
HOWARD BCH JFK,2018-03-04,2318.0,3200.0
HOWARD BCH JFK,2018-03-05,3164.0,3823.0
HOWARD BCH JFK,2018-03-06,2909.0,3690.0
HOWARD BCH JFK,2018-03-07,1882.0,2532.0
HOWARD BCH JFK,2018-03-08,2964.0,4373.0
HOWARD BCH JFK,2018-03-09,3046.0,4584.0
HOYT ST,2018-03-03,4.0,15.0
HOYT ST,2018-03-04,1.0,0.0
HOYT ST,2018-03-05,7223.0,6388.0
HOYT ST,2018-03-06,7368.0,6581.0
HOYT ST,2018-03-07,5227.0,4429.0
HOYT ST,2018-03-08,7065.0,6104.0
HOYT ST,2018-03-09,7531.0,6667.0
HOYT-SCHER,2018-03-03,7045.0,6265.0
HOYT-SCHER,2018-03-04,5380.0,4979.0
HOYT-SCHER,2018-03-05,10851.0,8339.0
HOYT-SCHER,2018-03-06,11202.0,9066.0
HOYT-SCHER,2018-03-07,7740.0,6544.0
HOYT-SCHER,2018-03-08,10469.0,8551.0
HOYT-SCHER,2018-03-09,11104.0,9439.0
HUNTERS PT AV,2018-03-03,13.0,88.0
HUNTERS PT AV,2018-03-04,2.0,45.0
HUNTERS PT AV,2018-03-05,7671.0,5996.0
HUNTERS PT AV,2018-03-06,8004.0,6205.0
HUNTERS PT AV,2018-03-07,4935.0,3445.0
HUNTERS PT AV,2018-03-08,7117.0,5761.0
HUNTERS PT AV,2018-03-09,7191.0,5910.0
HUNTS POINT AV,2018-03-03,4968.0,4043.0
HUNTS POINT AV,2018-03-04,3604.0,3269.0
HUNTS POINT AV,2018-03-05,10413.0,8032.0
HUNTS POINT AV,2018-03-06,10805.0,8112.0
HUNTS POINT AV,2018-03-07,7899.0,6016.0
HUNTS POINT AV,2018-03-08,10085.0,7471.0
HUNTS POINT AV,2018-03-09,10401.0,7880.0
INTERVALE AV,2018-03-03,1835.0,1710.0
INTERVALE AV,2018-03-04,1411.0,1438.0
INTERVALE AV,2018-03-05,3349.0,2709.0
INTERVALE AV,2018-03-06,3492.0,2860.0
INTERVALE AV,2018-03-07,2464.0,2219.0
INTERVALE AV,2018-03-08,3188.0,2724.0
INTERVALE AV,2018-03-09,3240.0,2768.0
INWOOD-207 ST,2018-03-03,4868.0,2215.0
INWOOD-207 ST,2018-03-04,3502.0,1761.0
INWOOD-207 ST,2018-03-05,9073.0,3357.0
INWOOD-207 ST,2018-03-06,9491.0,3523.0
INWOOD-207 ST,2018-03-07,6917.0,3086.0
INWOOD-207 ST,2018-03-08,9131.0,3215.0
INWOOD-207 ST,2018-03-09,9326.0,3639.0
JACKSON AV,2018-03-03,2884.0,548.0
JACKSON AV,2018-03-04,2252.0,424.0
JACKSON AV,2018-03-05,5750.0,946.0
JACKSON AV,2018-03-06,5878.0,997.0
JACKSON AV,2018-03-07,4189.0,740.0
JACKSON AV,2018-03-08,5553.0,919.0
JACKSON AV,2018-03-09,5697.0,931.0
JAMAICA 179 ST,2018-03-03,8330.0,3973.0
JAMAICA 179 ST,2018-03-04,5844.0,2999.0
JAMAICA 179 ST,2018-03-05,22018.0,8577.0
JAMAICA 179 ST,2018-03-06,-3894911.0,-2312598.0
JAMAICA 179 ST,2018-03-07,16099.0,6639.0
JAMAICA 179 ST,2018-03-08,21704.0,8401.0
JAMAICA 179 ST,2018-03-09,21625.0,8457.0
JAMAICA CENTER,2018-03-03,14087.0,12519.0
JAMAICA CENTER,2018-03-04,9963.0,9404.0
JAMAICA CENTER,2018-03-05,37126.0,32159.0
JAMAICA CENTER,2018-03-06,38576.0,33061.0
JAMAICA CENTER,2018-03-07,27827.0,24334.0
JAMAICA CENTER,2018-03-08,36718.0,30951.0
JAMAICA CENTER,2018-03-09,36688.0,30719.0
JAMAICA VAN WK,2018-03-03,4637.0,5261.0
JAMAICA VAN WK,2018-03-04,3369.0,4033.0
JAMAICA VAN WK,2018-03-05,4750.0,4586.0
JAMAICA VAN WK,2018-03-06,4920.0,4657.0
JAMAICA VAN WK,2018-03-07,3786.0,3822.0
JAMAICA VAN WK,2018-03-08,4725.0,4435.0
JAMAICA VAN WK,2018-03-09,4684.0,4486.0
JAY ST-METROTEC,2018-03-03,19801.0,10892.0
JAY ST-METROTEC,2018-03-04,14203.0,8963.0
JAY ST-METROTEC,2018-03-05,48052.0,28334.0
JAY ST-METROTEC,2018-03-06,49622.0,27312.0
JAY ST-METROTEC,2018-03-07,34686.0,19101.0
JAY ST-METROTEC,2018-03-08,46381.0,25597.0
JAY ST-METROTEC,2018-03-09,44767.0,24487.0
JEFFERSON ST,2018-03-03,6404.0,1506.0
JEFFERSON ST,2018-03-04,4760.0,1132.0
JEFFERSON ST,2018-03-05,7766.0,1557.0
JEFFERSON ST,2018-03-06,8264.0,1684.0
JEFFERSON ST,2018-03-07,6077.0,1336.0
JEFFERSON ST,2018-03-08,8274.0,1793.0
JEFFERSON ST,2018-03-09,8073.0,1868.0
JFK JAMAICA CT1,2018-03-03,6177.0,5517.0
JFK JAMAICA CT1,2018-03-04,5863.0,5528.0
JFK JAMAICA CT1,2018-03-05,6822.0,6619.0
JFK JAMAICA CT1,2018-03-06,7053.0,5918.0
JFK JAMAICA CT1,2018-03-07,3869.0,3356.0
JFK JAMAICA CT1,2018-03-08,4580.0,2432.0
JFK JAMAICA CT1,2018-03-09,9116.0,6540.0
JKSN HT-ROOSVLT,2018-03-03,38650.0,27717.0
JKSN HT-ROOSVLT,2018-03-04,30023.0,21631.0
JKSN HT-ROOSVLT,2018-03-05,49066.0,36121.0
JKSN HT-ROOSVLT,2018-03-06,50624.0,36433.0
JKSN HT-ROOSVLT,2018-03-07,35742.0,26117.0
JKSN HT-ROOSVLT,2018-03-08,48944.0,35187.0
JKSN HT-ROOSVLT,2018-03-09,51456.0,37437.0
JOURNAL SQUARE,2018-03-03,12082.0,8812.0
JOURNAL SQUARE,2018-03-04,9254.0,9489.0
JOURNAL SQUARE,2018-03-05,26136.0,24212.0
JOURNAL SQUARE,2018-03-06,-125059.0,-144795.0
JOURNAL SQUARE,2018-03-07,12325.0,12895.0
JOURNAL SQUARE,2018-03-08,23269.0,20560.0
JOURNAL SQUARE,2018-03-09,24038.0,21536.0
JUNCTION BLVD,2018-03-03,17492.0,10578.0
JUNCTION BLVD,2018-03-04,13865.0,8343.0
JUNCTION BLVD,2018-03-05,21516.0,17421.0
JUNCTION BLVD,2018-03-06,21772.0,17229.0
JUNCTION BLVD,2018-03-07,16850.0,12750.0
JUNCTION BLVD,2018-03-08,21644.0,16932.0
JUNCTION BLVD,2018-03-09,22435.0,17544.0
JUNIUS ST,2018-03-03,1115.0,1161.0
JUNIUS ST,2018-03-04,829.0,878.0
JUNIUS ST,2018-03-05,2037.0,2227.0
JUNIUS ST,2018-03-06,2199.0,2377.0
JUNIUS ST,2018-03-07,1585.0,1701.0
JUNIUS ST,2018-03-08,2014.0,2265.0
JUNIUS ST,2018-03-09,2215.0,2342.0
KEW GARDENS,2018-03-03,11482.0,10461.0
KEW GARDENS,2018-03-04,8494.0,8308.0
KEW GARDENS,2018-03-05,26681.0,25498.0
KEW GARDENS,2018-03-06,27828.0,26010.0
KEW GARDENS,2018-03-07,19773.0,19122.0
KEW GARDENS,2018-03-08,26484.0,24638.0
KEW GARDENS,2018-03-09,26378.0,23911.0
KINGS HWY,2018-03-03,13497.0,8997.0
KINGS HWY,2018-03-04,11589.0,8557.0
KINGS HWY,2018-03-05,30465.0,21863.0
KINGS HWY,2018-03-06,31454.0,22566.0
KINGS HWY,2018-03-07,22802.0,17026.0
KINGS HWY,2018-03-08,29889.0,21264.0
KINGS HWY,2018-03-09,29276.0,20842.0
KINGSBRIDGE RD,2018-03-03,9052.0,4973.0
KINGSBRIDGE RD,2018-03-04,6940.0,4195.0
KINGSBRIDGE RD,2018-03-05,17557.0,9357.0
KINGSBRIDGE RD,2018-03-06,18003.0,9813.0
KINGSBRIDGE RD,2018-03-07,13230.0,7733.0
KINGSBRIDGE RD,2018-03-08,17244.0,9352.0
KINGSBRIDGE RD,2018-03-09,17379.0,9057.0
KINGSTON AV,2018-03-03,2321.0,1905.0
KINGSTON AV,2018-03-04,2337.0,1937.0
KINGSTON AV,2018-03-05,4703.0,3520.0
KINGSTON AV,2018-03-06,4873.0,3706.0
KINGSTON AV,2018-03-07,3642.0,2915.0
KINGSTON AV,2018-03-08,4723.0,3662.0
KINGSTON AV,2018-03-09,4964.0,3705.0
KINGSTON-THROOP,2018-03-03,4551.0,3555.0
KINGSTON-THROOP,2018-03-04,3448.0,2914.0
KINGSTON-THROOP,2018-03-05,6566.0,4888.0
KINGSTON-THROOP,2018-03-06,7031.0,4780.0
KINGSTON-THROOP,2018-03-07,5338.0,4562.0
KINGSTON-THROOP,2018-03-08,6977.0,4716.0
KINGSTON-THROOP,2018-03-09,7253.0,4942.0
KOSCIUSZKO ST,2018-03-03,3513.0,1004.0
KOSCIUSZKO ST,2018-03-04,3040.0,1031.0
KOSCIUSZKO ST,2018-03-05,7057.0,1882.0
KOSCIUSZKO ST,2018-03-06,7314.0,1902.0
KOSCIUSZKO ST,2018-03-07,5546.0,1765.0
KOSCIUSZKO ST,2018-03-08,7300.0,1728.0
KOSCIUSZKO ST,2018-03-09,7450.0,1857.0
LACKAWANNA,2018-03-03,1688.0,2142.0
LACKAWANNA,2018-03-04,646.0,1358.0
LACKAWANNA,2018-03-05,11168.0,11495.0
LACKAWANNA,2018-03-06,12261.0,11870.0
LACKAWANNA,2018-03-07,3572.0,4297.0
LACKAWANNA,2018-03-08,5178.0,6011.0
LACKAWANNA,2018-03-09,7142.0,10701.0
LAFAYETTE AV,2018-03-03,3366.0,1674.0
LAFAYETTE AV,2018-03-04,2803.0,1444.0
LAFAYETTE AV,2018-03-05,4236.0,1617.0
LAFAYETTE AV,2018-03-06,4425.0,1686.0
LAFAYETTE AV,2018-03-07,3467.0,1497.0
LAFAYETTE AV,2018-03-08,4411.0,1716.0
LAFAYETTE AV,2018-03-09,4519.0,1987.0
LEXINGTON AV/53,2018-03-03,11455.0,13987.0
LEXINGTON AV/53,2018-03-04,8174.0,9905.0
LEXINGTON AV/53,2018-03-05,36157.0,44240.0
LEXINGTON AV/53,2018-03-06,38659.0,47216.0
LEXINGTON AV/53,2018-03-07,28144.0,32939.0
LEXINGTON AV/53,2018-03-08,36945.0,44632.0
LEXINGTON AV/53,2018-03-09,38000.0,45543.0
LEXINGTON AV/63,2018-03-03,9031.0,8964.0
LEXINGTON AV/63,2018-03-04,6641.0,6695.0
LEXINGTON AV/63,2018-03-05,17859.0,16058.0
LEXINGTON AV/63,2018-03-06,18896.0,16765.0
LEXINGTON AV/63,2018-03-07,12590.0,12424.0
LEXINGTON AV/63,2018-03-08,18315.0,16007.0
LEXINGTON AV/63,2018-03-09,17632.0,16559.0
LIBERTY AV,2018-03-03,1446.0,655.0
LIBERTY AV,2018-03-04,1096.0,608.0
LIBERTY AV,2018-03-05,2932.0,1167.0
LIBERTY AV,2018-03-06,3035.0,1150.0
LIBERTY AV,2018-03-07,2254.0,1025.0
LIBERTY AV,2018-03-08,2741.0,1138.0
LIBERTY AV,2018-03-09,2867.0,1152.0
LIVONIA AV,2018-03-03,-14486.0,-2666187.0
LIVONIA AV,2018-03-04,1294.0,963.0
LIVONIA AV,2018-03-05,3324.0,2272.0
LIVONIA AV,2018-03-06,3327.0,2257.0
LIVONIA AV,2018-03-07,2462.0,1707.0
LIVONIA AV,2018-03-08,3220.0,2084.0
LIVONIA AV,2018-03-09,3378.0,2351.0
LONGWOOD AV,2018-03-03,1769.0,1347.0
LONGWOOD AV,2018-03-04,1273.0,1123.0
LONGWOOD AV,2018-03-05,3419.0,2534.0
LONGWOOD AV,2018-03-06,3509.0,2721.0
LONGWOOD AV,2018-03-07,2661.0,2299.0
LONGWOOD AV,2018-03-08,3383.0,2625.0
LONGWOOD AV,2018-03-09,3453.0,2603.0
LORIMER ST,2018-03-03,5990.0,2077.0
LORIMER ST,2018-03-04,5337.0,1842.0
LORIMER ST,2018-03-05,10402.0,3083.0
LORIMER ST,2018-03-06,10603.0,3121.0
LORIMER ST,2018-03-07,8101.0,2700.0
LORIMER ST,2018-03-08,10183.0,3070.0
LORIMER ST,2018-03-09,10520.0,3058.0
MARBLE HILL-225,2018-03-03,3667.0,833.0
MARBLE HILL-225,2018-03-04,2863.0,544.0
MARBLE HILL-225,2018-03-05,5690.0,1286.0
MARBLE HILL-225,2018-03-06,5893.0,1311.0
MARBLE HILL-225,2018-03-07,3798.0,878.0
MARBLE HILL-225,2018-03-08,5512.0,1253.0
MARBLE HILL-225,2018-03-09,5858.0,1356.0
MARCY AV,2018-03-03,4720.0,3440.0
MARCY AV,2018-03-04,4726.0,3560.0
MARCY AV,2018-03-05,11553.0,8705.0
MARCY AV,2018-03-06,11989.0,8801.0
MARCY AV,2018-03-07,8604.0,6759.0
MARCY AV,2018-03-08,11400.0,8693.0
MARCY AV,2018-03-09,11873.0,8929.0
METROPOLITAN AV,2018-03-03,7390.0,5136.0
METROPOLITAN AV,2018-03-04,6434.0,4473.0
METROPOLITAN AV,2018-03-05,9292.0,5818.0
METROPOLITAN AV,2018-03-06,9690.0,5906.0
METROPOLITAN AV,2018-03-07,7351.0,4573.0
METROPOLITAN AV,2018-03-08,9343.0,5633.0
METROPOLITAN AV,2018-03-09,9913.0,6477.0
METS-WILLETS PT,2018-03-03,1277.0,1436.0
METS-WILLETS PT,2018-03-04,1014.0,967.0
METS-WILLETS PT,2018-03-05,2407.0,2100.0
METS-WILLETS PT,2018-03-06,2570.0,2265.0
METS-WILLETS PT,2018-03-07,1609.0,1516.0
METS-WILLETS PT,2018-03-08,2185.0,2147.0
METS-WILLETS PT,2018-03-09,2634.0,2415.0
MIDDLETOWN RD,2018-03-03,618.0,721.0
MIDDLETOWN RD,2018-03-04,498.0,494.0
MIDDLETOWN RD,2018-03-05,2091.0,1829.0
MIDDLETOWN RD,2018-03-06,2277.0,1957.0
MIDDLETOWN RD,2018-03-07,1453.0,1408.0
MIDDLETOWN RD,2018-03-08,2109.0,1690.0
MIDDLETOWN RD,2018-03-09,2113.0,1805.0
MONTROSE AV,2018-03-03,6165.0,3905.0
MONTROSE AV,2018-03-04,4487.0,2989.0
MONTROSE AV,2018-03-05,7193.0,3715.0
MONTROSE AV,2018-03-06,7428.0,4086.0
MONTROSE AV,2018-03-07,5614.0,3079.0
MONTROSE AV,2018-03-08,7427.0,3861.0
MONTROSE AV,2018-03-09,7597.0,3998.0
MORGAN AV,2018-03-03,6629.0,3164.0
MORGAN AV,2018-03-04,5245.0,2546.0
MORGAN AV,2018-03-05,7260.0,3346.0
MORGAN AV,2018-03-06,8155.0,3367.0
MORGAN AV,2018-03-07,5879.0,2686.0
MORGAN AV,2018-03-08,7922.0,3238.0
MORGAN AV,2018-03-09,8385.0,3694.0
MORISN AV/SNDVW,2018-03-03,3871.0,2977.0
MORISN AV/SNDVW,2018-03-04,2893.0,2461.0
MORISN AV/SNDVW,2018-03-05,6358.0,4793.0
MORISN AV/SNDVW,2018-03-06,6861.0,4907.0
MORISN AV/SNDVW,2018-03-07,5046.0,3933.0
MORISN AV/SNDVW,2018-03-08,6690.0,4855.0
MORISN AV/SNDVW,2018-03-09,6854.0,4833.0
MORRIS PARK,2018-03-03,582.0,997.0
MORRIS PARK,2018-03-04,516.0,1002.0
MORRIS PARK,2018-03-05,2458.0,2139.0
MORRIS PARK,2018-03-06,2554.0,2121.0
MORRIS PARK,2018-03-07,1827.0,1686.0
MORRIS PARK,2018-03-08,2420.0,1995.0
MORRIS PARK,2018-03-09,2439.0,2011.0
MOSHOLU PKWY,2018-03-03,4046.0,1595.0
MOSHOLU PKWY,2018-03-04,3078.0,1291.0
MOSHOLU PKWY,2018-03-05,8280.0,2274.0
MOSHOLU PKWY,2018-03-06,8800.0,2511.0
MOSHOLU PKWY,2018-03-07,6154.0,1723.0
MOSHOLU PKWY,2018-03-08,8158.0,2286.0
MOSHOLU PKWY,2018-03-09,8423.0,2296.0
MT EDEN AV,2018-03-03,2376.0,2041.0
MT EDEN AV,2018-03-04,1775.0,1564.0
MT EDEN AV,2018-03-05,5003.0,3547.0
MT EDEN AV,2018-03-06,5169.0,3600.0
MT EDEN AV,2018-03-07,3663.0,2502.0
MT EDEN AV,2018-03-08,5080.0,3553.0
MT EDEN AV,2018-03-09,5080.0,3673.0
MYRTLE AV,2018-03-03,6183.0,2664.0
MYRTLE AV,2018-03-04,5252.0,2635.0
MYRTLE AV,2018-03-05,12508.0,4943.0
MYRTLE AV,2018-03-06,12998.0,5038.0
MYRTLE AV,2018-03-07,9830.0,4366.0
MYRTLE AV,2018-03-08,12770.0,4674.0
MYRTLE AV,2018-03-09,13038.0,4973.0
MYRTLE-WILLOUGH,2018-03-03,3246.0,1637.0
MYRTLE-WILLOUGH,2018-03-04,2698.0,1562.0
MYRTLE-WILLOUGH,2018-03-05,5724.0,2495.0
MYRTLE-WILLOUGH,2018-03-06,5927.0,2511.0
MYRTLE-WILLOUGH,2018-03-07,4646.0,2225.0
MYRTLE-WILLOUGH,2018-03-08,5906.0,2348.0
MYRTLE-WILLOUGH,2018-03-09,5729.0,2371.0
MYRTLE-WYCKOFF,2018-03-03,16843.0,9270.0
MYRTLE-WYCKOFF,2018-03-04,12350.0,7657.0
MYRTLE-WYCKOFF,2018-03-05,24091.0,12075.0
MYRTLE-WYCKOFF,2018-03-06,25084.0,12022.0
MYRTLE-WYCKOFF,2018-03-07,19105.0,9476.0
MYRTLE-WYCKOFF,2018-03-08,24570.0,11484.0
MYRTLE-WYCKOFF,2018-03-09,25544.0,11652.0
NASSAU AV,2018-03-03,4772.0,2572.0
NASSAU AV,2018-03-04,3557.0,1955.0
NASSAU AV,2018-03-05,9135.0,4360.0
NASSAU AV,2018-03-06,9791.0,4413.0
NASSAU AV,2018-03-07,7631.0,3817.0
NASSAU AV,2018-03-08,9626.0,4551.0
NASSAU AV,2018-03-09,9823.0,4530.0
NECK RD,2018-03-03,2610.0,650.0
NECK RD,2018-03-04,2217.0,532.0
NECK RD,2018-03-05,4749.0,1284.0
NECK RD,2018-03-06,4972.0,1287.0
NECK RD,2018-03-07,3641.0,1158.0
NECK RD,2018-03-08,4624.0,1206.0
NECK RD,2018-03-09,4670.0,1141.0
NEPTUNE AV,2018-03-03,539.0,182.0
NEPTUNE AV,2018-03-04,450.0,150.0
NEPTUNE AV,2018-03-05,1628.0,518.0
NEPTUNE AV,2018-03-06,1720.0,533.0
NEPTUNE AV,2018-03-07,1232.0,368.0
NEPTUNE AV,2018-03-08,1676.0,540.0
NEPTUNE AV,2018-03-09,1565.0,479.0
NEREID AV,2018-03-03,1537.0,568.0
NEREID AV,2018-03-04,1098.0,442.0
NEREID AV,2018-03-05,3492.0,1068.0
NEREID AV,2018-03-06,3672.0,1113.0
NEREID AV,2018-03-07,2451.0,845.0
NEREID AV,2018-03-08,3413.0,1041.0
NEREID AV,2018-03-09,3523.0,1703.0
NEVINS ST,2018-03-03,6637.0,6971.0
NEVINS ST,2018-03-04,4438.0,4552.0
NEVINS ST,2018-03-05,10869.0,10376.0
NEVINS ST,2018-03-06,11414.0,10651.0
NEVINS ST,2018-03-07,7283.0,7419.0
NEVINS ST,2018-03-08,10817.0,10758.0
NEVINS ST,2018-03-09,11231.0,10996.0
NEW LOTS,2018-03-03,2609.0,2550.0
NEW LOTS,2018-03-04,1963.0,2052.0
NEW LOTS,2018-03-05,5107.0,3954.0
NEW LOTS,2018-03-06,5288.0,4227.0
NEW LOTS,2018-03-07,3829.0,3451.0
NEW LOTS,2018-03-08,4930.0,3758.0
NEW LOTS,2018-03-09,5099.0,4300.0
NEW LOTS AV,2018-03-03,2937.0,2875.0
NEW LOTS AV,2018-03-04,2389.0,2451.0
NEW LOTS AV,2018-03-05,5983.0,5715.0
NEW LOTS AV,2018-03-06,6268.0,6038.0
NEW LOTS AV,2018-03-07,4718.0,4371.0
NEW LOTS AV,2018-03-08,5968.0,5642.0
NEW LOTS AV,2018-03-09,5980.0,5636.0
NEW UTRECHT AV,2018-03-03,2401.0,1283.0
NEW UTRECHT AV,2018-03-04,2349.0,1148.0
NEW UTRECHT AV,2018-03-05,5108.0,1449.0
NEW UTRECHT AV,2018-03-06,5364.0,1549.0
NEW UTRECHT AV,2018-03-07,4148.0,1583.0
NEW UTRECHT AV,2018-03-08,5182.0,2035.0
NEW UTRECHT AV,2018-03-09,3723.0,1415.0
NEWARK BM BW,2018-03-03,7137.0,618.0
NEWARK BM BW,2018-03-04,6256.0,479.0
NEWARK BM BW,2018-03-05,-77458.0,-6465.0
NEWARK BM BW,2018-03-06,17555.0,1144.0
NEWARK BM BW,2018-03-07,6915.0,316.0
NEWARK BM BW,2018-03-08,15083.0,307.0
NEWARK BM BW,2018-03-09,17359.0,446.0
NEWARK C,2018-03-03,912.0,96.0
NEWARK C,2018-03-04,717.0,56.0
NEWARK C,2018-03-05,8042.0,1206.0
NEWARK C,2018-03-06,8791.0,914.0
NEWARK C,2018-03-07,1886.0,124.0
NEWARK C,2018-03-08,4909.0,194.0
NEWARK C,2018-03-09,7069.0,312.0
NEWARK HM HE,2018-03-03,0.0,6547.0
NEWARK HM HE,2018-03-04,0.0,6082.0
NEWARK HM HE,2018-03-05,0.0,17839.0
NEWARK HM HE,2018-03-06,0.0,19391.0
NEWARK HM HE,2018-03-07,0.0,7147.0
NEWARK HM HE,2018-03-08,0.0,16494.0
NEWARK HM HE,2018-03-09,0.0,18135.0
NEWARK HW BMEBE,2018-03-03,1111.0,1212.0
NEWARK HW BMEBE,2018-03-04,855.0,995.0
NEWARK HW BMEBE,2018-03-05,6263.0,8857.0
NEWARK HW BMEBE,2018-03-06,6191.0,9503.0
NEWARK HW BMEBE,2018-03-07,2001.0,1995.0
NEWARK HW BMEBE,2018-03-08,4372.0,4961.0
NEWARK HW BMEBE,2018-03-09,-82355.0,3764.0
NEWKIRK AV,2018-03-03,3669.0,2166.0
NEWKIRK AV,2018-03-04,2793.0,1893.0
NEWKIRK AV,2018-03-05,7786.0,4277.0
NEWKIRK AV,2018-03-06,7777.0,4365.0
NEWKIRK AV,2018-03-07,6017.0,3739.0
NEWKIRK AV,2018-03-08,7500.0,4132.0
NEWKIRK AV,2018-03-09,7728.0,4249.0
NEWKIRK PLAZA,2018-03-03,5647.0,4323.0
NEWKIRK PLAZA,2018-03-04,4707.0,3862.0
NEWKIRK PLAZA,2018-03-05,10634.0,8427.0
NEWKIRK PLAZA,2018-03-06,11086.0,8543.0
NEWKIRK PLAZA,2018-03-07,8241.0,7202.0
NEWKIRK PLAZA,2018-03-08,10752.0,8113.0
NEWKIRK PLAZA,2018-03-09,10811.0,8466.0
NORTHERN BLVD,2018-03-03,3419.0,2742.0
NORTHERN BLVD,2018-03-04,2763.0,2124.0
NORTHERN BLVD,2018-03-05,7044.0,5038.0
NORTHERN BLVD,2018-03-06,7232.0,5196.0
NORTHERN BLVD,2018-03-07,5558.0,4462.0
NORTHERN BLVD,2018-03-08,7145.0,4978.0
NORTHERN BLVD,2018-03-09,7212.0,5202.0
NORWOOD 205 ST,2018-03-03,4607.0,3076.0
NORWOOD 205 ST,2018-03-04,3568.0,2604.0
NORWOOD 205 ST,2018-03-05,8645.0,4932.0
NORWOOD 205 ST,2018-03-06,8799.0,4924.0
NORWOOD 205 ST,2018-03-07,6792.0,4530.0
NORWOOD 205 ST,2018-03-08,8761.0,4723.0
NORWOOD 205 ST,2018-03-09,8818.0,5069.0
NORWOOD AV,2018-03-03,34.0,141.0
NORWOOD AV,2018-03-04,0.0,0.0
NORWOOD AV,2018-03-05,3253.0,2831.0
NORWOOD AV,2018-03-06,3353.0,2959.0
NORWOOD AV,2018-03-07,2491.0,2288.0
NORWOOD AV,2018-03-08,3168.0,2703.0
NORWOOD AV,2018-03-09,3141.0,2750.0
NOSTRAND AV,2018-03-03,15085.0,10732.0
NOSTRAND AV,2018-03-04,11154.0,8685.0
NOSTRAND AV,2018-03-05,22312.0,15609.0
NOSTRAND AV,2018-03-06,23281.0,16206.0
NOSTRAND AV,2018-03-07,16515.0,11961.0
NOSTRAND AV,2018-03-08,22714.0,15625.0
NOSTRAND AV,2018-03-09,23431.0,15212.0
OCEAN PKWY,2018-03-03,1887.0,981.0
OCEAN PKWY,2018-03-04,1502.0,821.0
OCEAN PKWY,2018-03-05,3567.0,1526.0
OCEAN PKWY,2018-03-06,3598.0,1562.0
OCEAN PKWY,2018-03-07,2546.0,1142.0
OCEAN PKWY,2018-03-08,3450.0,1460.0
OCEAN PKWY,2018-03-09,3221.0,1367.0
OZONE PK LEFFRT,2018-03-03,3745.0,3100.0
OZONE PK LEFFRT,2018-03-04,2716.0,2324.0
OZONE PK LEFFRT,2018-03-05,7952.0,6136.0
OZONE PK LEFFRT,2018-03-06,8410.0,6423.0
OZONE PK LEFFRT,2018-03-07,6198.0,4922.0
OZONE PK LEFFRT,2018-03-08,7714.0,5905.0
OZONE PK LEFFRT,2018-03-09,7873.0,5858.0
PARK PLACE,2018-03-03,1017.0,1132.0
PARK PLACE,2018-03-04,767.0,926.0
PARK PLACE,2018-03-05,5363.0,4526.0
PARK PLACE,2018-03-06,5539.0,4764.0
PARK PLACE,2018-03-07,3869.0,3754.0
PARK PLACE,2018-03-08,5312.0,4498.0
PARK PLACE,2018-03-09,5177.0,4426.0
PARKCHESTER,2018-03-03,7980.0,7205.0
PARKCHESTER,2018-03-04,5692.0,5768.0
PARKCHESTER,2018-03-05,15727.0,14710.0
PARKCHESTER,2018-03-06,16197.0,14792.0
PARKCHESTER,2018-03-07,12054.0,11934.0
PARKCHESTER,2018-03-08,15784.0,14261.0
PARKCHESTER,2018-03-09,15894.0,14794.0
PARKSIDE AV,2018-03-03,4169.0,2586.0
PARKSIDE AV,2018-03-04,3450.0,2445.0
PARKSIDE AV,2018-03-05,5682.0,3348.0
PARKSIDE AV,2018-03-06,5925.0,3285.0
PARKSIDE AV,2018-03-07,4367.0,2932.0
PARKSIDE AV,2018-03-08,5678.0,3104.0
PARKSIDE AV,2018-03-09,5948.0,3310.0
PARSONS BLVD,2018-03-03,3453.0,2846.0
PARSONS BLVD,2018-03-04,2609.0,2142.0
PARSONS BLVD,2018-03-05,6679.0,5937.0
PARSONS BLVD,2018-03-06,7211.0,6209.0
PARSONS BLVD,2018-03-07,5344.0,4703.0
PARSONS BLVD,2018-03-08,6910.0,5985.0
PARSONS BLVD,2018-03-09,7033.0,5888.0
PATH NEW WTC,2018-03-03,13820.0,15811.0
PATH NEW WTC,2018-03-04,12910.0,13374.0
PATH NEW WTC,2018-03-05,56836.0,51735.0
PATH NEW WTC,2018-03-06,57891.0,54090.0
PATH NEW WTC,2018-03-07,27672.0,24767.0
PATH NEW WTC,2018-03-08,45427.0,43671.0
PATH NEW WTC,2018-03-09,-54341.0,21188.0
PATH WTC 2,2018-03-03,1246.0,2707.0
PATH WTC 2,2018-03-04,1266.0,2607.0
PATH WTC 2,2018-03-05,3570.0,11467.0
PATH WTC 2,2018-03-06,3772.0,12017.0
PATH WTC 2,2018-03-07,1490.0,5295.0
PATH WTC 2,2018-03-08,2980.0,9904.0
PATH WTC 2,2018-03-09,3189.0,12518.0
PAVONIA/NEWPORT,2018-03-03,7288.0,6307.0
PAVONIA/NEWPORT,2018-03-04,5129.0,4488.0
PAVONIA/NEWPORT,2018-03-05,19775.0,19133.0
PAVONIA/NEWPORT,2018-03-06,20786.0,19285.0
PAVONIA/NEWPORT,2018-03-07,9341.0,9131.0
PAVONIA/NEWPORT,2018-03-08,18515.0,17396.0
PAVONIA/NEWPORT,2018-03-09,19245.0,17510.0
PELHAM BAY PARK,2018-03-03,3351.0,2373.0
PELHAM BAY PARK,2018-03-04,2621.0,1883.0
PELHAM BAY PARK,2018-03-05,7365.0,3830.0
PELHAM BAY PARK,2018-03-06,7648.0,4076.0
PELHAM BAY PARK,2018-03-07,5224.0,3004.0
PELHAM BAY PARK,2018-03-08,6995.0,3726.0
PELHAM BAY PARK,2018-03-09,7203.0,3752.0
PELHAM PKWY,2018-03-03,4594.0,2479.0
PELHAM PKWY,2018-03-04,3246.0,2125.0
PELHAM PKWY,2018-03-05,11655.0,5177.0
PELHAM PKWY,2018-03-06,12206.0,5613.0
PELHAM PKWY,2018-03-07,8080.0,3914.0
PELHAM PKWY,2018-03-08,11221.0,5050.0
PELHAM PKWY,2018-03-09,11832.0,5425.0
PENNSYLVANIA AV,2018-03-03,2325.0,1121.0
PENNSYLVANIA AV,2018-03-04,1619.0,838.0
PENNSYLVANIA AV,2018-03-05,4566.0,2308.0
PENNSYLVANIA AV,2018-03-06,4741.0,2434.0
PENNSYLVANIA AV,2018-03-07,3519.0,1736.0
PENNSYLVANIA AV,2018-03-08,4545.0,2300.0
PENNSYLVANIA AV,2018-03-09,4745.0,2299.0
PRESIDENT ST,2018-03-03,1923.0,2064.0
PRESIDENT ST,2018-03-04,1385.0,1559.0
PRESIDENT ST,2018-03-05,4451.0,4552.0
PRESIDENT ST,2018-03-06,4576.0,4909.0
PRESIDENT ST,2018-03-07,3442.0,3831.0
PRESIDENT ST,2018-03-08,4496.0,4718.0
PRESIDENT ST,2018-03-09,4271.0,4238.0
PRINCE ST,2018-03-03,13619.0,15905.0
PRINCE ST,2018-03-04,10162.0,11151.0
PRINCE ST,2018-03-05,12556.0,12174.0
PRINCE ST,2018-03-06,13422.0,12564.0
PRINCE ST,2018-03-07,7990.0,7684.0
PRINCE ST,2018-03-08,12956.0,12484.0
PRINCE ST,2018-03-09,14753.0,14128.0
PROSPECT AV,2018-03-03,5410.0,2698.0
PROSPECT AV,2018-03-04,4073.0,2132.0
PROSPECT AV,2018-03-05,12780.0,5587.0
PROSPECT AV,2018-03-06,13260.0,5855.0
PROSPECT AV,2018-03-07,9798.0,4836.0
PROSPECT AV,2018-03-08,12999.0,5588.0
PROSPECT AV,2018-03-09,13170.0,5613.0
PROSPECT PARK,2018-03-03,6550.0,3391.0
PROSPECT PARK,2018-03-04,5226.0,2857.0
PROSPECT PARK,2018-03-05,9994.0,5425.0
PROSPECT PARK,2018-03-06,10512.0,5639.0
PROSPECT PARK,2018-03-07,7703.0,4425.0
PROSPECT PARK,2018-03-08,10147.0,5354.0
PROSPECT PARK,2018-03-09,10444.0,5412.0
QUEENS PLAZA,2018-03-03,4981.0,4478.0
QUEENS PLAZA,2018-03-04,3574.0,3521.0
QUEENS PLAZA,2018-03-05,11859.0,9735.0
QUEENS PLAZA,2018-03-06,12397.0,9803.0
QUEENS PLAZA,2018-03-07,9251.0,7552.0
QUEENS PLAZA,2018-03-08,11923.0,9749.0
QUEENS PLAZA,2018-03-09,11612.0,9063.0
QUEENSBORO PLZ,2018-03-03,10538.0,3874.0
QUEENSBORO PLZ,2018-03-04,8037.0,2647.0
QUEENSBORO PLZ,2018-03-05,14008.0,4292.0
QUEENSBORO PLZ,2018-03-06,14307.0,4500.0
QUEENSBORO PLZ,2018-03-07,9863.0,3204.0
QUEENSBORO PLZ,2018-03-08,14093.0,4049.0
QUEENSBORO PLZ,2018-03-09,14659.0,4205.0
RALPH AV,2018-03-03,3743.0,1700.0
RALPH AV,2018-03-04,2900.0,1563.0
RALPH AV,2018-03-05,5749.0,2524.0
RALPH AV,2018-03-06,5819.0,2566.0
RALPH AV,2018-03-07,4455.0,2237.0
RALPH AV,2018-03-08,5653.0,2336.0
RALPH AV,2018-03-09,5759.0,2479.0
RECTOR ST,2018-03-03,8372.0,3316.0
RECTOR ST,2018-03-04,6242.0,2678.0
RECTOR ST,2018-03-05,16506.0,5231.0
RECTOR ST,2018-03-06,17674.0,5530.0
RECTOR ST,2018-03-07,11062.0,3760.0
RECTOR ST,2018-03-08,16663.0,5343.0
RECTOR ST,2018-03-09,16908.0,6229.0
RIT-MANHATTAN,2018-03-03,2444.0,26.0
RIT-MANHATTAN,2018-03-04,2400.0,37.0
RIT-MANHATTAN,2018-03-05,2297.0,17.0
RIT-MANHATTAN,2018-03-06,2410.0,32.0
RIT-MANHATTAN,2018-03-07,1008.0,30.0
RIT-MANHATTAN,2018-03-08,2266.0,41.0
RIT-MANHATTAN,2018-03-09,2516.0,32.0
RIT-ROOSEVELT,2018-03-03,2516.0,58.0
RIT-ROOSEVELT,2018-03-04,2419.0,62.0
RIT-ROOSEVELT,2018-03-05,2484.0,29.0
RIT-ROOSEVELT,2018-03-06,2647.0,36.0
RIT-ROOSEVELT,2018-03-07,1335.0,32.0
RIT-ROOSEVELT,2018-03-08,2448.0,39.0
RIT-ROOSEVELT,2018-03-09,2694.0,32.0
ROCKAWAY AV,2018-03-03,6090.0,4366.0
ROCKAWAY AV,2018-03-04,4655.0,3512.0
ROCKAWAY AV,2018-03-05,10843.0,7865.0
ROCKAWAY AV,2018-03-06,11081.0,7990.0
ROCKAWAY AV,2018-03-07,8426.0,6480.0
ROCKAWAY AV,2018-03-08,10762.0,7650.0
ROCKAWAY AV,2018-03-09,11143.0,8150.0
ROCKAWAY BLVD,2018-03-03,4064.0,1167.0
ROCKAWAY BLVD,2018-03-04,2993.0,1025.0
ROCKAWAY BLVD,2018-03-05,7477.0,2107.0
ROCKAWAY BLVD,2018-03-06,7726.0,2159.0
ROCKAWAY BLVD,2018-03-07,5735.0,1776.0
ROCKAWAY BLVD,2018-03-08,7402.0,1962.0
ROCKAWAY BLVD,2018-03-09,7523.0,1981.0
ROCKAWAY PARK B,2018-03-03,483.0,546.0
ROCKAWAY PARK B,2018-03-04,264.0,297.0
ROCKAWAY PARK B,2018-03-05,619.0,655.0
ROCKAWAY PARK B,2018-03-06,626.0,631.0
ROCKAWAY PARK B,2018-03-07,463.0,653.0
ROCKAWAY PARK B,2018-03-08,549.0,668.0
ROCKAWAY PARK B,2018-03-09,606.0,639.0
ROOSEVELT ISLND,2018-03-03,3630.0,3314.0
ROOSEVELT ISLND,2018-03-04,3955.0,3550.0
ROOSEVELT ISLND,2018-03-05,6985.0,6287.0
ROOSEVELT ISLND,2018-03-06,7456.0,6557.0
ROOSEVELT ISLND,2018-03-07,5099.0,4817.0
ROOSEVELT ISLND,2018-03-08,7124.0,6186.0
ROOSEVELT ISLND,2018-03-09,7410.0,6088.0
SARATOGA AV,2018-03-03,2673.0,2571.0
SARATOGA AV,2018-03-04,1990.0,1992.0
SARATOGA AV,2018-03-05,5565.0,5164.0
SARATOGA AV,2018-03-06,5757.0,5365.0
SARATOGA AV,2018-03-07,4301.0,4040.0
SARATOGA AV,2018-03-08,5409.0,5192.0
SARATOGA AV,2018-03-09,5746.0,5217.0
SENECA AVE,2018-03-03,332.0,351.0
SENECA AVE,2018-03-04,282.0,303.0
SENECA AVE,2018-03-05,441.0,529.0
SENECA AVE,2018-03-06,418.0,515.0
SENECA AVE,2018-03-07,364.0,589.0
SENECA AVE,2018-03-08,451.0,502.0
SENECA AVE,2018-03-09,472.0,528.0
SHEEPSHEAD BAY,2018-03-03,5797.0,5265.0
SHEEPSHEAD BAY,2018-03-04,4811.0,4506.0
SHEEPSHEAD BAY,2018-03-05,14431.0,11114.0
SHEEPSHEAD BAY,2018-03-06,15036.0,11904.0
SHEEPSHEAD BAY,2018-03-07,10536.0,8999.0
SHEEPSHEAD BAY,2018-03-08,13992.0,10870.0
SHEEPSHEAD BAY,2018-03-09,13835.0,11000.0
SHEPHERD AV,2018-03-03,1840.0,895.0
SHEPHERD AV,2018-03-04,1529.0,858.0
SHEPHERD AV,2018-03-05,3341.0,1386.0
SHEPHERD AV,2018-03-06,3378.0,1419.0
SHEPHERD AV,2018-03-07,2549.0,1263.0
SHEPHERD AV,2018-03-08,3176.0,1334.0
SHEPHERD AV,2018-03-09,3424.0,1423.0
SIMPSON ST,2018-03-03,5269.0,1643.0
SIMPSON ST,2018-03-04,3713.0,1233.0
SIMPSON ST,2018-03-05,8957.0,2346.0
SIMPSON ST,2018-03-06,9245.0,2351.0
SIMPSON ST,2018-03-07,6261.0,1685.0
SIMPSON ST,2018-03-08,8806.0,2237.0
SIMPSON ST,2018-03-09,9232.0,2383.0
SMITH-9 ST,2018-03-03,2858.0,3663.0
SMITH-9 ST,2018-03-04,1925.0,2364.0
SMITH-9 ST,2018-03-05,4906.0,5659.0
SMITH-9 ST,2018-03-06,5003.0,5714.0
SMITH-9 ST,2018-03-07,3734.0,4259.0
SMITH-9 ST,2018-03-08,4752.0,5495.0
SMITH-9 ST,2018-03-09,5100.0,5826.0
SOUTH FERRY,2018-03-03,6434.0,6371.0
SOUTH FERRY,2018-03-04,5089.0,5641.0
SOUTH FERRY,2018-03-05,13956.0,9772.0
SOUTH FERRY,2018-03-06,14720.0,9825.0
SOUTH FERRY,2018-03-07,8313.0,5274.0
SOUTH FERRY,2018-03-08,12804.0,8424.0
SOUTH FERRY,2018-03-09,14238.0,9270.0
SPRING ST,2018-03-03,11404.0,5885.0
SPRING ST,2018-03-04,8305.0,4145.0
SPRING ST,2018-03-05,21097.0,11651.0
SPRING ST,2018-03-06,22298.0,12732.0
SPRING ST,2018-03-07,15557.0,8668.0
SPRING ST,2018-03-08,22085.0,12939.0
SPRING ST,2018-03-09,24070.0,14930.0
ST LAWRENCE AV,2018-03-03,2688.0,2190.0
ST LAWRENCE AV,2018-03-04,1951.0,1794.0
ST LAWRENCE AV,2018-03-05,4193.0,3501.0
ST LAWRENCE AV,2018-03-06,4347.0,3502.0
ST LAWRENCE AV,2018-03-07,3211.0,2846.0
ST LAWRENCE AV,2018-03-08,4274.0,3519.0
ST LAWRENCE AV,2018-03-09,4355.0,3518.0
ST. GEORGE,2018-03-03,3756.0,0.0
ST. GEORGE,2018-03-04,2672.0,0.0
ST. GEORGE,2018-03-05,14792.0,1.0
ST. GEORGE,2018-03-06,15953.0,0.0
ST. GEORGE,2018-03-07,10530.0,0.0
ST. GEORGE,2018-03-08,13923.0,0.0
ST. GEORGE,2018-03-09,13694.0,1.0
STEINWAY ST,2018-03-03,10336.0,7140.0
STEINWAY ST,2018-03-04,7251.0,5375.0
STEINWAY ST,2018-03-05,15459.0,10615.0
STEINWAY ST,2018-03-06,15813.0,10966.0
STEINWAY ST,2018-03-07,11331.0,7511.0
STEINWAY ST,2018-03-08,15728.0,10580.0
STEINWAY ST,2018-03-09,17000.0,11589.0
STERLING ST,2018-03-03,3242.0,1728.0
STERLING ST,2018-03-04,2447.0,1483.0
STERLING ST,2018-03-05,5889.0,3389.0
STERLING ST,2018-03-06,6173.0,3422.0
STERLING ST,2018-03-07,4726.0,2861.0
STERLING ST,2018-03-08,6038.0,3353.0
STERLING ST,2018-03-09,6185.0,3452.0
SUTPHIN BLVD,2018-03-03,2088.0,1295.0
SUTPHIN BLVD,2018-03-04,1687.0,1186.0
SUTPHIN BLVD,2018-03-05,4524.0,2349.0
SUTPHIN BLVD,2018-03-06,4476.0,2533.0
SUTPHIN BLVD,2018-03-07,3383.0,1907.0
SUTPHIN BLVD,2018-03-08,4403.0,2334.0
SUTPHIN BLVD,2018-03-09,4453.0,2554.0
SUTPHIN-ARCHER,2018-03-03,11611.0,8732.0
SUTPHIN-ARCHER,2018-03-04,9116.0,7205.0
SUTPHIN-ARCHER,2018-03-05,22751.0,19012.0
SUTPHIN-ARCHER,2018-03-06,23366.0,19843.0
SUTPHIN-ARCHER,2018-03-07,16570.0,14854.0
SUTPHIN-ARCHER,2018-03-08,22329.0,19303.0
SUTPHIN-ARCHER,2018-03-09,23599.0,20147.0
SUTTER AV,2018-03-03,2378.0,1964.0
SUTTER AV,2018-03-04,1723.0,1636.0
SUTTER AV,2018-03-05,4202.0,2486.0
SUTTER AV,2018-03-06,4367.0,2547.0
SUTTER AV,2018-03-07,3085.0,2141.0
SUTTER AV,2018-03-08,4061.0,2332.0
SUTTER AV,2018-03-09,4197.0,2458.0
SUTTER AV-RUTLD,2018-03-03,3704.0,3919.0
SUTTER AV-RUTLD,2018-03-04,2772.0,3009.0
SUTTER AV-RUTLD,2018-03-05,7227.0,6847.0
SUTTER AV-RUTLD,2018-03-06,7279.0,7140.0
SUTTER AV-RUTLD,2018-03-07,5245.0,5213.0
SUTTER AV-RUTLD,2018-03-08,7056.0,6793.0
SUTTER AV-RUTLD,2018-03-09,7282.0,7042.0
THIRTY ST,2018-03-03,2342.0,99.0
THIRTY ST,2018-03-04,2121.0,187.0
THIRTY ST,2018-03-05,8627.0,10388.0
THIRTY ST,2018-03-06,9228.0,11050.0
THIRTY ST,2018-03-07,4712.0,5690.0
THIRTY ST,2018-03-08,8252.0,9801.0
THIRTY ST,2018-03-09,9216.0,11251.0
THIRTY THIRD ST,2018-03-03,8187.0,8640.0
THIRTY THIRD ST,2018-03-04,7867.0,9473.0
THIRTY THIRD ST,2018-03-05,23954.0,19013.0
THIRTY THIRD ST,2018-03-06,24647.0,19911.0
THIRTY THIRD ST,2018-03-07,14255.0,10504.0
THIRTY THIRD ST,2018-03-08,21633.0,18813.0
THIRTY THIRD ST,2018-03-09,17642.0,22284.0
TIMES SQ-42 ST,2018-03-03,50331.0,57993.0
TIMES SQ-42 ST,2018-03-04,40010.0,41499.0
TIMES SQ-42 ST,2018-03-05,86040.0,82288.0
TIMES SQ-42 ST,2018-03-06,93671.0,89901.0
TIMES SQ-42 ST,2018-03-07,61750.0,60505.0
TIMES SQ-42 ST,2018-03-08,87842.0,86905.0
TIMES SQ-42 ST,2018-03-09,93781.0,92960.0
TOMPKINSVILLE,2018-03-03,419.0,0.0
TOMPKINSVILLE,2018-03-04,252.0,0.0
TOMPKINSVILLE,2018-03-05,758.0,0.0
TOMPKINSVILLE,2018-03-06,803.0,0.0
TOMPKINSVILLE,2018-03-07,432.0,0.0
TOMPKINSVILLE,2018-03-08,752.0,0.0
TOMPKINSVILLE,2018-03-09,792.0,0.0
TREMONT AV,2018-03-03,5519.0,2923.0
TREMONT AV,2018-03-04,4122.0,2386.0
TREMONT AV,2018-03-05,9943.0,4705.0
TREMONT AV,2018-03-06,10063.0,4882.0
TREMONT AV,2018-03-07,7632.0,4327.0
TREMONT AV,2018-03-08,9964.0,4745.0
TREMONT AV,2018-03-09,10183.0,5184.0
TWENTY THIRD ST,2018-03-03,2755.0,4044.0
TWENTY THIRD ST,2018-03-04,1950.0,2435.0
TWENTY THIRD ST,2018-03-05,9870.0,12511.0
TWENTY THIRD ST,2018-03-06,9763.0,10813.0
TWENTY THIRD ST,2018-03-07,5208.0,5061.0
TWENTY THIRD ST,2018-03-08,8798.0,9937.0
TWENTY THIRD ST,2018-03-09,9054.0,14126.0
UNION ST,2018-03-03,1341.0,3635.0
UNION ST,2018-03-04,1074.0,2488.0
UNION ST,2018-03-05,6688.0,5123.0
UNION ST,2018-03-06,7043.0,4999.0
UNION ST,2018-03-07,5542.0,4387.0
UNION ST,2018-03-08,7052.0,5019.0
UNION ST,2018-03-09,6846.0,5263.0
UTICA AV,2018-03-03,10512.0,7227.0
UTICA AV,2018-03-04,8035.0,6350.0
UTICA AV,2018-03-05,15783.0,10354.0
UTICA AV,2018-03-06,16326.0,10537.0
UTICA AV,2018-03-07,12316.0,8958.0
UTICA AV,2018-03-08,16021.0,9692.0
UTICA AV,2018-03-09,16267.0,10685.0
V.CORTLANDT PK,2018-03-03,3808.0,1760.0
V.CORTLANDT PK,2018-03-04,2726.0,1428.0
V.CORTLANDT PK,2018-03-05,7473.0,2832.0
V.CORTLANDT PK,2018-03-06,7792.0,2853.0
V.CORTLANDT PK,2018-03-07,4457.0,1793.0
V.CORTLANDT PK,2018-03-08,7285.0,2758.0
V.CORTLANDT PK,2018-03-09,7993.0,2862.0
VAN SICLEN AV,2018-03-03,1491.0,1507.0
VAN SICLEN AV,2018-03-04,1066.0,1203.0
VAN SICLEN AV,2018-03-05,5768.0,5329.0
VAN SICLEN AV,2018-03-06,5981.0,5488.0
VAN SICLEN AV,2018-03-07,4394.0,4219.0
VAN SICLEN AV,2018-03-08,5777.0,5203.0
VAN SICLEN AV,2018-03-09,5861.0,5324.0
VAN SICLEN AVE,2018-03-03,1896.0,1523.0
VAN SICLEN AVE,2018-03-04,1475.0,1394.0
VAN SICLEN AVE,2018-03-05,3201.0,2471.0
VAN SICLEN AVE,2018-03-06,3194.0,2516.0
VAN SICLEN AVE,2018-03-07,2452.0,2181.0
VAN SICLEN AVE,2018-03-08,3065.0,2353.0
VAN SICLEN AVE,2018-03-09,3186.0,2433.0
VERNON-JACKSON,2018-03-03,13.0,32.0
VERNON-JACKSON,2018-03-04,1.0,18.0
VERNON-JACKSON,2018-03-05,15100.0,10564.0
VERNON-JACKSON,2018-03-06,16183.0,11315.0
VERNON-JACKSON,2018-03-07,11065.0,7781.0
VERNON-JACKSON,2018-03-08,15470.0,10730.0
VERNON-JACKSON,2018-03-09,15727.0,10836.0
W 4 ST-WASH SQ,2018-03-03,23014.0,26842.0
W 4 ST-WASH SQ,2018-03-04,20360.0,20704.0
W 4 ST-WASH SQ,2018-03-05,30659.0,32089.0
W 4 ST-WASH SQ,2018-03-06,33440.0,34609.0
W 4 ST-WASH SQ,2018-03-07,24703.0,24553.0
W 4 ST-WASH SQ,2018-03-08,32939.0,35488.0
W 4 ST-WASH SQ,2018-03-09,35098.0,37536.0
W 8 ST-AQUARIUM,2018-03-03,846.0,605.0
W 8 ST-AQUARIUM,2018-03-04,663.0,533.0
W 8 ST-AQUARIUM,2018-03-05,2262.0,1388.0
W 8 ST-AQUARIUM,2018-03-06,2308.0,1375.0
W 8 ST-AQUARIUM,2018-03-07,1629.0,917.0
W 8 ST-AQUARIUM,2018-03-08,2095.0,1250.0
W 8 ST-AQUARIUM,2018-03-09,2170.0,1280.0
WAKEFIELD/241,2018-03-03,2651.0,2543.0
WAKEFIELD/241,2018-03-04,2146.0,2091.0
WAKEFIELD/241,2018-03-05,4826.0,4155.0
WAKEFIELD/241,2018-03-06,4983.0,4599.0
WAKEFIELD/241,2018-03-07,3229.0,3276.0
WAKEFIELD/241,2018-03-08,4571.0,4202.0
WAKEFIELD/241,2018-03-09,4831.0,4704.0
WALL ST,2018-03-03,7119.0,4515.0
WALL ST,2018-03-04,5137.0,3541.0
WALL ST,2018-03-05,44983.0,39823.0
WALL ST,2018-03-06,47718.0,41748.0
WALL ST,2018-03-07,32116.0,27345.0
WALL ST,2018-03-08,44074.0,38840.0
WALL ST,2018-03-09,43993.0,38065.0
WEST FARMS SQ,2018-03-03,3783.0,2177.0
WEST FARMS SQ,2018-03-04,2924.0,1773.0
WEST FARMS SQ,2018-03-05,7053.0,3080.0
WEST FARMS SQ,2018-03-06,7156.0,3215.0
WEST FARMS SQ,2018-03-07,4965.0,2451.0
WEST FARMS SQ,2018-03-08,6884.0,3118.0
WEST FARMS SQ,2018-03-09,6893.0,3244.0
WESTCHESTER SQ,2018-03-03,2779.0,2681.0
WESTCHESTER SQ,2018-03-04,1898.0,2003.0
WESTCHESTER SQ,2018-03-05,6687.0,5746.0
WESTCHESTER SQ,2018-03-06,6920.0,5813.0
WESTCHESTER SQ,2018-03-07,4362.0,3944.0
WESTCHESTER SQ,2018-03-08,6412.0,5486.0
WESTCHESTER SQ,2018-03-09,6560.0,5585.0
WHITEHALL S-FRY,2018-03-03,6447.0,6068.0
WHITEHALL S-FRY,2018-03-04,5023.0,5028.0
WHITEHALL S-FRY,2018-03-05,18215.0,17087.0
WHITEHALL S-FRY,2018-03-06,19126.0,17336.0
WHITEHALL S-FRY,2018-03-07,12749.0,12189.0
WHITEHALL S-FRY,2018-03-08,17380.0,16336.0
WHITEHALL S-FRY,2018-03-09,17795.0,14657.0
WHITLOCK AV,2018-03-03,1166.0,1149.0
WHITLOCK AV,2018-03-04,810.0,808.0
WHITLOCK AV,2018-03-05,1956.0,1874.0
WHITLOCK AV,2018-03-06,2089.0,1939.0
WHITLOCK AV,2018-03-07,1520.0,1421.0
WHITLOCK AV,2018-03-08,1945.0,1804.0
WHITLOCK AV,2018-03-09,1965.0,1729.0
WILSON AV,2018-03-03,3417.0,2820.0
WILSON AV,2018-03-04,2691.0,2441.0
WILSON AV,2018-03-05,4734.0,4053.0
WILSON AV,2018-03-06,4791.0,3976.0
WILSON AV,2018-03-07,3667.0,3178.0
WILSON AV,2018-03-08,4729.0,3846.0
WILSON AV,2018-03-09,4950.0,3825.0
WINTHROP ST,2018-03-03,2881.0,618.0
WINTHROP ST,2018-03-04,1990.0,438.0
WINTHROP ST,2018-03-05,7439.0,1381.0
WINTHROP ST,2018-03-06,7464.0,1382.0
WINTHROP ST,2018-03-07,5838.0,1135.0
WINTHROP ST,2018-03-08,7354.0,1309.0
WINTHROP ST,2018-03-09,7505.0,1353.0
WOODHAVEN BLVD,2018-03-03,11452.0,7719.0
WOODHAVEN BLVD,2018-03-04,8907.0,6087.0
WOODHAVEN BLVD,2018-03-05,25252.0,11951.0
WOODHAVEN BLVD,2018-03-06,26064.0,11969.0
WOODHAVEN BLVD,2018-03-07,19143.0,9412.0
WOODHAVEN BLVD,2018-03-08,24938.0,11623.0
WOODHAVEN BLVD,2018-03-09,26586.0,14027.0
WOODLAWN,2018-03-03,3739.0,877.0
WOODLAWN,2018-03-04,2685.0,633.0
WOODLAWN,2018-03-05,7110.0,1519.0
WOODLAWN,2018-03-06,7185.0,1408.0
WOODLAWN,2018-03-07,4407.0,1012.0
WOODLAWN,2018-03-08,6944.0,1343.0
WOODLAWN,2018-03-09,7111.0,1481.0
WORLD TRADE CTR,2018-03-03,7524.0,7027.0
WORLD TRADE CTR,2018-03-04,5902.0,5325.0
WORLD TRADE CTR,2018-03-05,16851.0,12769.0
WORLD TRADE CTR,2018-03-06,17761.0,12497.0
WORLD TRADE CTR,2018-03-07,11139.0,8548.0
WORLD TRADE CTR,2018-03-08,16901.0,12276.0
WORLD TRADE CTR,2018-03-09,18547.0,13308.0
YORK ST,2018-03-03,4917.0,2696.0
YORK ST,2018-03-04,4028.0,2164.0
YORK ST,2018-03-05,9907.0,3411.0
YORK ST,2018-03-06,10200.0,3477.0
YORK ST,2018-03-07,7277.0,2487.0
YORK ST,2018-03-08,9691.0,3452.0
YORK ST,2018-03-09,9971.0,2926.0
ZEREGA AV,2018-03-03,1149.0,975.0
ZEREGA AV,2018-03-04,922.0,776.0
ZEREGA AV,2018-03-05,2760.0,2154.0
ZEREGA AV,2018-03-06,2777.0,2237.0
ZEREGA AV,2018-03-07,2019.0,1760.0
ZEREGA AV,2018-03-08,2651.0,2028.0
ZEREGA AV,2018-03-09,2664.0,2110.0
